/*
 Navicat Premium Data Transfer

 Source Server         : dokcer_mysql
 Source Server Type    : MySQL
 Source Server Version : 80046 (8.0.46)
 Source Host           : localhost:33306
 Source Schema         : douban

 Target Server Type    : MySQL
 Target Server Version : 80046 (8.0.46)
 File Encoding         : 65001

 Date: 14/07/2026 11:11:26
*/

SET NAMES utf8mb4;
SET FOREIGN_KEY_CHECKS = 0;

-- ----------------------------
-- Table structure for agg_country
-- ----------------------------
DROP TABLE IF EXISTS `agg_country`;
CREATE TABLE `agg_country`  (
  `country` varchar(64) CHARACTER SET utf8mb4 COLLATE utf8mb4_0900_ai_ci NOT NULL,
  `movie_count` int NULL DEFAULT NULL,
  `avg_rating` decimal(3, 2) NULL DEFAULT NULL,
  PRIMARY KEY (`country`) USING BTREE
) ENGINE = InnoDB CHARACTER SET = utf8mb4 COLLATE = utf8mb4_0900_ai_ci ROW_FORMAT = DYNAMIC;

-- ----------------------------
-- Records of agg_country
-- ----------------------------
INSERT INTO `agg_country` VALUES ('1964(中国大陆)', 1, 9.40);
INSERT INTO `agg_country` VALUES ('1985', 1, 9.50);
INSERT INTO `agg_country` VALUES ('2021', 1, 9.20);
INSERT INTO `agg_country` VALUES ('中国台湾', 3, 8.73);
INSERT INTO `agg_country` VALUES ('中国台湾 中国大陆 美国 中国香港', 1, 8.70);
INSERT INTO `agg_country` VALUES ('中国台湾 日本', 1, 9.10);
INSERT INTO `agg_country` VALUES ('中国台湾 美国', 2, 9.10);
INSERT INTO `agg_country` VALUES ('中国大陆', 6, 9.17);
INSERT INTO `agg_country` VALUES ('中国大陆 中国香港', 8, 9.08);
INSERT INTO `agg_country` VALUES ('中国大陆 中国香港 中国台湾', 1, 8.80);
INSERT INTO `agg_country` VALUES ('中国香港', 12, 8.83);
INSERT INTO `agg_country` VALUES ('中国香港 中国台湾', 1, 8.60);
INSERT INTO `agg_country` VALUES ('中国香港 中国大陆', 5, 8.84);
INSERT INTO `agg_country` VALUES ('中国香港 日本 韩国', 1, 9.00);
INSERT INTO `agg_country` VALUES ('丹麦 瑞典', 1, 9.10);
INSERT INTO `agg_country` VALUES ('伊朗', 1, 9.20);
INSERT INTO `agg_country` VALUES ('印度', 2, 9.10);
INSERT INTO `agg_country` VALUES ('巴西 法国', 1, 9.00);
INSERT INTO `agg_country` VALUES ('德国', 1, 9.20);
INSERT INTO `agg_country` VALUES ('德国 瑞士', 1, 9.30);
INSERT INTO `agg_country` VALUES ('德国 美国', 1, 8.70);
INSERT INTO `agg_country` VALUES ('意大利', 3, 9.37);
INSERT INTO `agg_country` VALUES ('意大利 法国', 1, 9.20);
INSERT INTO `agg_country` VALUES ('意大利 法国 巴西 美国', 1, 8.80);
INSERT INTO `agg_country` VALUES ('意大利 美国', 1, 8.90);
INSERT INTO `agg_country` VALUES ('新西兰 美国 英国', 1, 9.10);
INSERT INTO `agg_country` VALUES ('日本', 33, 8.92);
INSERT INTO `agg_country` VALUES ('法国', 1, 9.30);
INSERT INTO `agg_country` VALUES ('法国 德国', 1, 8.70);
INSERT INTO `agg_country` VALUES ('法国 瑞士 德国', 1, 9.30);
INSERT INTO `agg_country` VALUES ('法国 美国', 1, 9.40);
INSERT INTO `agg_country` VALUES ('法国 英国', 1, 8.90);
INSERT INTO `agg_country` VALUES ('法国 英国 美国', 1, 8.70);
INSERT INTO `agg_country` VALUES ('泰国', 1, 8.50);
INSERT INTO `agg_country` VALUES ('澳大利亚 美国', 3, 8.80);
INSERT INTO `agg_country` VALUES ('爱尔兰 加拿大 英国 美国', 1, 8.70);
INSERT INTO `agg_country` VALUES ('瑞典', 1, 8.90);
INSERT INTO `agg_country` VALUES ('美国', 80, 8.96);
INSERT INTO `agg_country` VALUES ('美国 中国台湾 英国 加拿大', 1, 9.10);
INSERT INTO `agg_country` VALUES ('美国 中国大陆', 1, 8.90);
INSERT INTO `agg_country` VALUES ('美国 中国香港', 1, 8.60);
INSERT INTO `agg_country` VALUES ('美国 加拿大', 5, 8.82);
INSERT INTO `agg_country` VALUES ('美国 奥地利 瑞士', 1, 8.80);
INSERT INTO `agg_country` VALUES ('美国 希腊', 1, 8.80);
INSERT INTO `agg_country` VALUES ('美国 德国', 2, 8.70);
INSERT INTO `agg_country` VALUES ('美国 德国 法国 英国', 1, 8.90);
INSERT INTO `agg_country` VALUES ('美国 德国 英国', 2, 8.80);
INSERT INTO `agg_country` VALUES ('美国 意大利', 1, 9.10);
INSERT INTO `agg_country` VALUES ('美国 新西兰', 2, 9.25);
INSERT INTO `agg_country` VALUES ('美国 法国', 3, 8.80);
INSERT INTO `agg_country` VALUES ('美国 英国', 8, 9.04);
INSERT INTO `agg_country` VALUES ('美国 英国 加拿大', 1, 9.40);
INSERT INTO `agg_country` VALUES ('美国 英国 法国', 1, 9.00);
INSERT INTO `agg_country` VALUES ('英国', 2, 8.85);
INSERT INTO `agg_country` VALUES ('英国 南非 意大利 美国', 1, 8.90);
INSERT INTO `agg_country` VALUES ('英国 意大利 中国大陆 法国', 1, 9.30);
INSERT INTO `agg_country` VALUES ('英国 法国 波兰 德国 美国', 1, 9.30);
INSERT INTO `agg_country` VALUES ('英国 澳大利亚', 1, 8.50);
INSERT INTO `agg_country` VALUES ('英国 美国', 12, 8.82);
INSERT INTO `agg_country` VALUES ('英国 美国 匈牙利 约旦', 1, 8.50);
INSERT INTO `agg_country` VALUES ('英国 美国 法国', 1, 8.50);
INSERT INTO `agg_country` VALUES ('西班牙', 1, 8.80);
INSERT INTO `agg_country` VALUES ('西班牙 法国', 1, 9.10);
INSERT INTO `agg_country` VALUES ('阿根廷 西班牙', 1, 8.70);
INSERT INTO `agg_country` VALUES ('韩国', 11, 8.90);
INSERT INTO `agg_country` VALUES ('黎巴嫩 美国 法国 塞浦路斯 卡塔尔 英国', 1, 9.10);

-- ----------------------------
-- Table structure for agg_genre
-- ----------------------------
DROP TABLE IF EXISTS `agg_genre`;
CREATE TABLE `agg_genre`  (
  `genre` varchar(64) CHARACTER SET utf8mb4 COLLATE utf8mb4_0900_ai_ci NOT NULL,
  `movie_count` int NULL DEFAULT NULL,
  `avg_rating` decimal(3, 2) NULL DEFAULT NULL,
  PRIMARY KEY (`genre`) USING BTREE
) ENGINE = InnoDB CHARACTER SET = utf8mb4 COLLATE = utf8mb4_0900_ai_ci ROW_FORMAT = DYNAMIC;

-- ----------------------------
-- Records of agg_genre
-- ----------------------------
INSERT INTO `agg_genre` VALUES ('1978(中国大陆)', 1, 9.40);
INSERT INTO `agg_genre` VALUES ('中国大陆', 3, 9.37);
INSERT INTO `agg_genre` VALUES ('传记', 13, 8.97);
INSERT INTO `agg_genre` VALUES ('儿童', 3, 8.87);
INSERT INTO `agg_genre` VALUES ('冒险', 27, 8.95);
INSERT INTO `agg_genre` VALUES ('剧情', 89, 8.98);
INSERT INTO `agg_genre` VALUES ('动作', 21, 8.87);
INSERT INTO `agg_genre` VALUES ('动画', 26, 8.97);
INSERT INTO `agg_genre` VALUES ('历史', 8, 9.21);
INSERT INTO `agg_genre` VALUES ('古装', 9, 8.83);
INSERT INTO `agg_genre` VALUES ('同性', 7, 8.80);
INSERT INTO `agg_genre` VALUES ('喜剧', 31, 8.92);
INSERT INTO `agg_genre` VALUES ('奇幻', 27, 8.91);
INSERT INTO `agg_genre` VALUES ('家庭', 11, 8.99);
INSERT INTO `agg_genre` VALUES ('恐怖', 1, 8.85);
INSERT INTO `agg_genre` VALUES ('悬疑', 18, 8.86);
INSERT INTO `agg_genre` VALUES ('情色', 3, 8.70);
INSERT INTO `agg_genre` VALUES ('惊悚', 20, 8.84);
INSERT INTO `agg_genre` VALUES ('战争', 12, 9.11);
INSERT INTO `agg_genre` VALUES ('歌舞', 7, 8.89);
INSERT INTO `agg_genre` VALUES ('武侠', 4, 8.70);
INSERT INTO `agg_genre` VALUES ('灾难', 2, 9.05);
INSERT INTO `agg_genre` VALUES ('爱情', 29, 8.92);
INSERT INTO `agg_genre` VALUES ('犯罪', 18, 8.92);
INSERT INTO `agg_genre` VALUES ('科幻', 16, 8.90);
INSERT INTO `agg_genre` VALUES ('纪录片', 1, 9.30);
INSERT INTO `agg_genre` VALUES ('西部', 2, 8.90);
INSERT INTO `agg_genre` VALUES ('运动', 1, 9.00);
INSERT INTO `agg_genre` VALUES ('音乐', 7, 8.97);

-- ----------------------------
-- Table structure for agg_year
-- ----------------------------
DROP TABLE IF EXISTS `agg_year`;
CREATE TABLE `agg_year`  (
  `year` smallint NOT NULL,
  `movie_count` int NULL DEFAULT NULL,
  `avg_rating` decimal(3, 2) NULL DEFAULT NULL,
  PRIMARY KEY (`year`) USING BTREE
) ENGINE = InnoDB CHARACTER SET = utf8mb4 COLLATE = utf8mb4_0900_ai_ci ROW_FORMAT = DYNAMIC;

-- ----------------------------
-- Records of agg_year
-- ----------------------------
INSERT INTO `agg_year` VALUES (1931, 1, 9.30);
INSERT INTO `agg_year` VALUES (1936, 1, 9.30);
INSERT INTO `agg_year` VALUES (1939, 1, 9.30);
INSERT INTO `agg_year` VALUES (1940, 1, 8.80);
INSERT INTO `agg_year` VALUES (1950, 1, 8.80);
INSERT INTO `agg_year` VALUES (1952, 1, 9.10);
INSERT INTO `agg_year` VALUES (1953, 1, 9.10);
INSERT INTO `agg_year` VALUES (1954, 1, 9.30);
INSERT INTO `agg_year` VALUES (1957, 2, 9.50);
INSERT INTO `agg_year` VALUES (1960, 1, 9.00);
INSERT INTO `agg_year` VALUES (1961, 1, 9.40);
INSERT INTO `agg_year` VALUES (1965, 1, 9.10);
INSERT INTO `agg_year` VALUES (1966, 1, 8.90);
INSERT INTO `agg_year` VALUES (1968, 1, 8.90);
INSERT INTO `agg_year` VALUES (1972, 1, 9.30);
INSERT INTO `agg_year` VALUES (1974, 1, 9.30);
INSERT INTO `agg_year` VALUES (1975, 1, 9.10);
INSERT INTO `agg_year` VALUES (1979, 1, 9.20);
INSERT INTO `agg_year` VALUES (1982, 1, 9.50);
INSERT INTO `agg_year` VALUES (1983, 1, 9.20);
INSERT INTO `agg_year` VALUES (1984, 3, 9.17);
INSERT INTO `agg_year` VALUES (1986, 2, 8.90);
INSERT INTO `agg_year` VALUES (1987, 4, 9.15);
INSERT INTO `agg_year` VALUES (1988, 3, 9.03);
INSERT INTO `agg_year` VALUES (1989, 2, 8.95);
INSERT INTO `agg_year` VALUES (1990, 2, 8.85);
INSERT INTO `agg_year` VALUES (1991, 6, 8.87);
INSERT INTO `agg_year` VALUES (1992, 2, 8.90);
INSERT INTO `agg_year` VALUES (1993, 7, 9.04);
INSERT INTO `agg_year` VALUES (1994, 12, 9.13);
INSERT INTO `agg_year` VALUES (1995, 8, 8.94);
INSERT INTO `agg_year` VALUES (1996, 1, 8.90);
INSERT INTO `agg_year` VALUES (1997, 8, 9.13);
INSERT INTO `agg_year` VALUES (1998, 4, 9.23);
INSERT INTO `agg_year` VALUES (1999, 6, 8.93);
INSERT INTO `agg_year` VALUES (2000, 5, 8.96);
INSERT INTO `agg_year` VALUES (2001, 9, 8.98);
INSERT INTO `agg_year` VALUES (2002, 7, 9.07);
INSERT INTO `agg_year` VALUES (2003, 10, 8.85);
INSERT INTO `agg_year` VALUES (2004, 13, 8.90);
INSERT INTO `agg_year` VALUES (2005, 4, 8.75);
INSERT INTO `agg_year` VALUES (2006, 7, 8.90);
INSERT INTO `agg_year` VALUES (2007, 4, 8.73);
INSERT INTO `agg_year` VALUES (2008, 8, 8.95);
INSERT INTO `agg_year` VALUES (2009, 8, 9.00);
INSERT INTO `agg_year` VALUES (2010, 14, 8.84);
INSERT INTO `agg_year` VALUES (2011, 7, 8.97);
INSERT INTO `agg_year` VALUES (2012, 5, 8.92);
INSERT INTO `agg_year` VALUES (2013, 12, 8.82);
INSERT INTO `agg_year` VALUES (2014, 9, 8.84);
INSERT INTO `agg_year` VALUES (2015, 8, 8.85);
INSERT INTO `agg_year` VALUES (2016, 10, 8.73);
INSERT INTO `agg_year` VALUES (2017, 6, 8.75);
INSERT INTO `agg_year` VALUES (2018, 7, 8.79);
INSERT INTO `agg_year` VALUES (2019, 2, 8.75);
INSERT INTO `agg_year` VALUES (2020, 1, 8.70);
INSERT INTO `agg_year` VALUES (2021, 1, 8.60);
INSERT INTO `agg_year` VALUES (2023, 2, 9.20);

-- ----------------------------
-- Table structure for dim_country
-- ----------------------------
DROP TABLE IF EXISTS `dim_country`;
CREATE TABLE `dim_country`  (
  `id` int NOT NULL AUTO_INCREMENT,
  `name` varchar(64) CHARACTER SET utf8mb4 COLLATE utf8mb4_0900_ai_ci NOT NULL,
  PRIMARY KEY (`id`) USING BTREE,
  UNIQUE INDEX `name`(`name` ASC) USING BTREE
) ENGINE = InnoDB CHARACTER SET = utf8mb4 COLLATE = utf8mb4_0900_ai_ci ROW_FORMAT = DYNAMIC;

-- ----------------------------
-- Records of dim_country
-- ----------------------------

-- ----------------------------
-- Table structure for dim_genre
-- ----------------------------
DROP TABLE IF EXISTS `dim_genre`;
CREATE TABLE `dim_genre`  (
  `id` int NOT NULL AUTO_INCREMENT,
  `name` varchar(64) CHARACTER SET utf8mb4 COLLATE utf8mb4_0900_ai_ci NOT NULL,
  PRIMARY KEY (`id`) USING BTREE,
  UNIQUE INDEX `name`(`name` ASC) USING BTREE
) ENGINE = InnoDB CHARACTER SET = utf8mb4 COLLATE = utf8mb4_0900_ai_ci ROW_FORMAT = DYNAMIC;

-- ----------------------------
-- Records of dim_genre
-- ----------------------------

-- ----------------------------
-- Table structure for dim_year
-- ----------------------------
DROP TABLE IF EXISTS `dim_year`;
CREATE TABLE `dim_year`  (
  `year` smallint NOT NULL,
  PRIMARY KEY (`year`) USING BTREE
) ENGINE = InnoDB CHARACTER SET = utf8mb4 COLLATE = utf8mb4_0900_ai_ci ROW_FORMAT = DYNAMIC;

-- ----------------------------
-- Records of dim_year
-- ----------------------------

-- ----------------------------
-- Table structure for movie
-- ----------------------------
DROP TABLE IF EXISTS `movie`;
CREATE TABLE `movie`  (
  `id` bigint NOT NULL AUTO_INCREMENT,
  `douban_id` varchar(32) CHARACTER SET utf8mb4 COLLATE utf8mb4_0900_ai_ci NOT NULL,
  `title` varchar(255) CHARACTER SET utf8mb4 COLLATE utf8mb4_0900_ai_ci NOT NULL,
  `director` varchar(512) CHARACTER SET utf8mb4 COLLATE utf8mb4_0900_ai_ci NULL DEFAULT NULL,
  `actors` text CHARACTER SET utf8mb4 COLLATE utf8mb4_0900_ai_ci NULL,
  `genre` varchar(128) CHARACTER SET utf8mb4 COLLATE utf8mb4_0900_ai_ci NULL DEFAULT NULL,
  `country` varchar(256) CHARACTER SET utf8mb4 COLLATE utf8mb4_0900_ai_ci NULL DEFAULT NULL,
  `year` smallint NULL DEFAULT NULL,
  `rating` decimal(3, 1) NULL DEFAULT NULL,
  `rating_count` int NULL DEFAULT NULL,
  `summary` text CHARACTER SET utf8mb4 COLLATE utf8mb4_0900_ai_ci NULL,
  `poster_url` varchar(512) CHARACTER SET utf8mb4 COLLATE utf8mb4_0900_ai_ci NULL DEFAULT NULL,
  `detail_url` varchar(512) CHARACTER SET utf8mb4 COLLATE utf8mb4_0900_ai_ci NULL DEFAULT NULL,
  `languages` varchar(256) CHARACTER SET utf8mb4 COLLATE utf8mb4_0900_ai_ci NULL DEFAULT NULL,
  `release_date` varchar(512) CHARACTER SET utf8mb4 COLLATE utf8mb4_0900_ai_ci NULL DEFAULT NULL,
  `runtime` varchar(128) CHARACTER SET utf8mb4 COLLATE utf8mb4_0900_ai_ci NULL DEFAULT NULL,
  `runtime_minutes` int NULL DEFAULT NULL,
  `quote` varchar(1024) CHARACTER SET utf8mb4 COLLATE utf8mb4_0900_ai_ci NULL DEFAULT NULL,
  `better_than` varchar(512) CHARACTER SET utf8mb4 COLLATE utf8mb4_0900_ai_ci NULL DEFAULT NULL,
  `also_know_as` varchar(512) CHARACTER SET utf8mb4 COLLATE utf8mb4_0900_ai_ci NULL DEFAULT NULL,
  `imdb_id` varchar(64) CHARACTER SET utf8mb4 COLLATE utf8mb4_0900_ai_ci NULL DEFAULT NULL,
  `official_sites` varchar(512) CHARACTER SET utf8mb4 COLLATE utf8mb4_0900_ai_ci NULL DEFAULT NULL,
  `comment_short_count` int NULL DEFAULT NULL,
  `comment_review_count` int NULL DEFAULT NULL,
  `discussion_count` int NULL DEFAULT NULL,
  `rating_stars` varchar(512) CHARACTER SET utf8mb4 COLLATE utf8mb4_0900_ai_ci NULL DEFAULT NULL,
  `related_pics` text CHARACTER SET utf8mb4 COLLATE utf8mb4_0900_ai_ci NULL,
  `created_at` timestamp NULL DEFAULT CURRENT_TIMESTAMP,
  PRIMARY KEY (`id`) USING BTREE,
  UNIQUE INDEX `douban_id`(`douban_id` ASC) USING BTREE,
  INDEX `idx_year`(`year` ASC) USING BTREE,
  INDEX `idx_rating`(`rating` ASC) USING BTREE,
  INDEX `idx_country`(`country` ASC) USING BTREE,
  INDEX `idx_runtime`(`runtime_minutes` ASC) USING BTREE
) ENGINE = InnoDB AUTO_INCREMENT = 551 CHARACTER SET = utf8mb4 COLLATE = utf8mb4_0900_ai_ci ROW_FORMAT = DYNAMIC;

-- ----------------------------
-- Records of movie
-- ----------------------------
INSERT INTO `movie` VALUES (1, '1292052', '肖申克的救赎', '弗兰克·德拉邦特 Frank Darabont', '蒂姆·罗宾斯 Tim Robbins /...', '犯罪 剧情', '美国', 1994, 9.7, 3302299, '', 'https://img3.doubanio.com/view/photo/s_ratio_poster/public/p480747492.jpg', 'https://movie.douban.com/subject/1292052/', '英语', '1994-09-10(多伦多电影节)', '142分钟', 142, NULL, NULL, NULL, NULL, NULL, NULL, NULL, NULL, '{\"5\":85.5,\"4\":13.0,\"3\":1.3,\"2\":0.1,\"1\":0.1}', '[\"https://img3.doubanio.com/view/photo/sqxs/public/p2635663142.jpg\",\"https://img1.doubanio.com/view/photo/sqxs/public/p456482220.jpg\"]', '2026-07-11 16:32:03');
INSERT INTO `movie` VALUES (2, '1291546', '霸王别姬', '陈凯歌 Kaige Chen', '张国荣 Leslie Cheung / 张丰毅 Fengyi Zha...', '剧情 爱情 同性', '中国大陆 中国香港', 1993, 9.6, 2436806, '', 'https://img1.doubanio.com/view/photo/s_ratio_poster/public/p2911205318.jpg', 'https://movie.douban.com/subject/1291546/', '汉语普通话', '1993-07-26(中国大陆)', '171分钟', 171, NULL, NULL, NULL, NULL, NULL, NULL, NULL, NULL, '{\"5\":82.4,\"4\":15.3,\"3\":2.0,\"2\":0.2,\"1\":0.2}', '[\"https://img1.doubanio.com/view/photo/sqxs/public/p1665762739.jpg\",\"https://img3.doubanio.com/view/photo/sqxs/public/p1949228542.jpg\"]', '2026-07-11 16:32:03');
INSERT INTO `movie` VALUES (3, '1292722', '泰坦尼克号', '詹姆斯·卡梅隆 James Cameron', '莱昂纳多·迪卡普里奥 Leonardo...', '剧情 爱情 灾难', '美国', 1997, 9.5, 2512766, '', 'https://img9.doubanio.com/view/photo/s_ratio_poster/public/p457760035.jpg', 'https://movie.douban.com/subject/1292722/', '英语/意大利语/德语/俄语', '1998-04-03(中国大陆)', '194分钟', 194, NULL, NULL, NULL, NULL, NULL, NULL, NULL, NULL, '{\"5\":76.9,\"4\":19.9,\"3\":2.9,\"2\":0.2,\"1\":0.1}', '[\"https://img1.doubanio.com/view/photo/sqxs/public/p457867960.jpg\",\"https://img2.doubanio.com/view/photo/sqxs/public/p457875621.jpg\"]', '2026-07-11 16:32:03');
INSERT INTO `movie` VALUES (4, '1292720', '阿甘正传', '罗伯特·泽米吉斯 Robert Zemeckis', '汤姆·汉克斯 Tom Hanks / ...', '剧情 爱情', '美国', 1994, 9.5, 2442141, '', 'https://img3.doubanio.com/view/photo/s_ratio_poster/public/p2500944103.jpg', 'https://movie.douban.com/subject/1292720/', '英语', '1994-06-23(洛杉矶首映)', '142分钟', 142, NULL, NULL, NULL, NULL, NULL, NULL, NULL, NULL, '{\"5\":76.7,\"4\":20.0,\"3\":2.9,\"2\":0.2,\"1\":0.1}', '[\"https://img3.doubanio.com/view/photo/sqxs/public/p1484731332.jpg\",\"https://img9.doubanio.com/view/photo/sqxs/public/p1484731424.jpg\"]', '2026-07-11 16:32:03');
INSERT INTO `movie` VALUES (5, '1291561', '千与千寻', '宫崎骏 Hayao Miyazaki', '柊瑠美 Rumi Hîragi / 入野自由 Miy...', '剧情 动画 奇幻', '日本', 2001, 9.4, 2551209, '', 'https://img1.doubanio.com/view/photo/s_ratio_poster/public/p2557573348.jpg', 'https://movie.douban.com/subject/1291561/', '日语', '2019-06-21(中国大陆)', '125分钟', 125, NULL, NULL, NULL, NULL, NULL, NULL, NULL, NULL, '{\"5\":73.6,\"4\":22.8,\"3\":3.3,\"2\":0.2,\"1\":0.1}', '[\"https://img9.doubanio.com/view/photo/sqxs/public/p2512318945.jpg\",\"https://img3.doubanio.com/view/photo/sqxs/public/p2181503417.jpg\"]', '2026-07-11 16:32:03');
INSERT INTO `movie` VALUES (6, '1889243', '星际穿越', '克里斯托弗·诺兰 Christopher Nolan', '马修·麦康纳 Matthew Mc...', '剧情 科幻 冒险', '美国 英国 加拿大', 2014, 9.4, 2199707, '', 'https://img3.doubanio.com/view/photo/s_ratio_poster/public/p2614988097.jpg', 'https://movie.douban.com/subject/1889243/', '英语', '2014-11-12(中国大陆)', '169分钟', 169, NULL, NULL, NULL, NULL, NULL, NULL, NULL, NULL, '{\"5\":76.1,\"4\":19.8,\"3\":3.6,\"2\":0.4,\"1\":0.2}', '[\"https://img2.doubanio.com/view/photo/sqxs/public/p2208063011.jpg\",\"https://img9.doubanio.com/view/photo/sqxs/public/p2211063036.jpg\"]', '2026-07-11 16:32:03');
INSERT INTO `movie` VALUES (7, '1292063', '美丽人生', '罗伯托·贝尼尼 Roberto Benigni', '罗伯托·贝尼尼 Roberto Beni...', '剧情 喜剧 爱情 战争', '意大利', 1997, 9.5, 1489417, '', 'https://img3.doubanio.com/view/photo/s_ratio_poster/public/p2578474613.jpg', 'https://movie.douban.com/subject/1292063/', '意大利语/德语/英语', '2020-01-03(中国大陆)', '116分钟(国际版)', 116, NULL, NULL, NULL, NULL, NULL, NULL, NULL, NULL, '{\"5\":80.0,\"4\":17.2,\"3\":2.4,\"2\":0.2,\"1\":0.2}', '[\"https://img1.doubanio.com/view/photo/sqxs/public/p2533776779.jpg\",\"https://img1.doubanio.com/view/photo/sqxs/public/p449686240.jpg\",\"https://img1.doubanio.com/view/photo/sqxs/public/p825922108.jpg\",\"https://img1.doubanio.com/view/photo/sqxs/public/p825943280.jpg\"]', '2026-07-11 16:32:03');
INSERT INTO `movie` VALUES (8, '1295644', '这个杀手不太冷', '吕克·贝松 Luc Besson', '让·雷诺 Jean Reno / 娜塔莉·波特曼 ...', '剧情 动作 犯罪', '法国 美国', 1994, 9.4, 2562926, '', 'https://img9.doubanio.com/view/photo/s_ratio_poster/public/p2913554676.jpg', 'https://movie.douban.com/subject/1295644/', '英语/意大利语/法语', '2024-11-01(中国大陆)', '133分钟(中国大陆)', 133, NULL, NULL, NULL, NULL, NULL, NULL, NULL, NULL, '{\"5\":72.8,\"4\":23.0,\"3\":3.7,\"2\":0.3,\"1\":0.2}', '[\"https://img3.doubanio.com/view/photo/sqxs/public/p511077583.jpg\",\"https://img9.doubanio.com/view/photo/sqxs/public/p511068675.jpg\"]', '2026-07-11 16:32:03');
INSERT INTO `movie` VALUES (9, '3541415', '盗梦空间', '克里斯托弗·诺兰 Christopher Nolan', '莱昂纳多·迪卡普里奥 Le...', '剧情 科幻 悬疑 冒险', '美国 英国', 2010, 9.4, 2337154, '', 'https://img9.doubanio.com/view/photo/s_ratio_poster/public/p513344864.jpg', 'https://movie.douban.com/subject/3541415/', '英语/日语/法语', '2010-09-01(中国大陆)', '148分钟', 148, NULL, NULL, NULL, NULL, NULL, NULL, NULL, NULL, '{\"5\":72.8,\"4\":23.3,\"3\":3.5,\"2\":0.2,\"1\":0.1}', '[\"https://img9.doubanio.com/view/photo/sqxs/public/p603273604.jpg\",\"https://img3.doubanio.com/view/photo/sqxs/public/p616902142.jpg\",\"https://img9.doubanio.com/view/photo/sqxs/public/p2180955876.jpg\",\"https://img1.doubanio.com/view/photo/sqxs/public/p616883918.jpg\"]', '2026-07-11 16:32:03');
INSERT INTO `movie` VALUES (10, '1292064', '楚门的世界', '彼得·威尔 Peter Weir', '金·凯瑞 Jim Carrey / 劳拉·琳妮 Lau...', '剧情 科幻', '美国', 1998, 9.4, 2032613, '', 'https://img3.doubanio.com/view/photo/s_ratio_poster/public/p479682972.jpg', 'https://movie.douban.com/subject/1292064/', '英语', '1998-06-05(美国)', '103分钟', 103, NULL, NULL, NULL, NULL, NULL, NULL, NULL, NULL, '{\"5\":72.6,\"4\":23.8,\"3\":3.3,\"2\":0.2,\"1\":0.1}', '[\"https://img9.doubanio.com/view/photo/sqxs/public/p764864325.jpg\",\"https://img1.doubanio.com/view/photo/sqxs/public/p2614740719.jpg\",\"https://img3.doubanio.com/view/photo/sqxs/public/p2614864522.jpg\",\"https://img2.doubanio.com/view/photo/sqxs/public/p1332031501.jpg\"]', '2026-07-11 16:32:03');
INSERT INTO `movie` VALUES (11, '1295124', '辛德勒的名单', '史蒂文·斯皮尔伯格 Steven Spielberg', '连姆·尼森 Liam Neeson...', '剧情 历史 战争', '美国', 1993, 9.5, 1252937, '', 'https://img3.doubanio.com/view/photo/s_ratio_poster/public/p492406163.jpg', 'https://movie.douban.com/subject/1295124/', '英语/希伯来语/德语/波兰语', '1993-11-30(华盛顿首映)', '195分钟', 195, NULL, NULL, NULL, NULL, NULL, NULL, NULL, NULL, '{\"5\":80.2,\"4\":17.3,\"3\":2.1,\"2\":0.1,\"1\":0.2}', '[\"https://img1.doubanio.com/view/photo/sqxs/public/p2533777548.jpg\",\"https://img1.doubanio.com/view/photo/sqxs/public/p2214090809.jpg\"]', '2026-07-11 16:32:03');
INSERT INTO `movie` VALUES (12, '3011091', '忠犬八公的故事', '莱塞·霍尔斯道姆 Lasse Hallström', '理查·基尔 Richard Ger...', '剧情', '美国 英国', 2009, 9.4, 1550202, '', 'https://img1.doubanio.com/view/photo/s_ratio_poster/public/p2587099240.jpg', 'https://movie.douban.com/subject/3011091/', '英语/日语', '2009-06-13(西雅图电影节)', '93分钟', 93, NULL, NULL, NULL, NULL, NULL, NULL, NULL, NULL, '{\"5\":74.9,\"4\":21.1,\"3\":3.7,\"2\":0.3,\"1\":0.1}', '[\"https://img3.doubanio.com/view/photo/sqxs/public/p524959163.jpg\",\"https://img1.doubanio.com/view/photo/sqxs/public/p524958440.jpg\"]', '2026-07-11 16:32:03');
INSERT INTO `movie` VALUES (13, '1292001', '海上钢琴师', '朱塞佩·托纳多雷 Giuseppe Tornatore', '蒂姆·罗斯 Tim Roth / ...', '剧情 音乐', '意大利', 1998, 9.3, 1888516, '', 'https://img9.doubanio.com/view/photo/s_ratio_poster/public/p2914698334.jpg', 'https://movie.douban.com/subject/1292001/', '英语/法语/意大利语', '2019-11-15(中国大陆)', '120分钟(国际版)', 120, NULL, NULL, NULL, NULL, NULL, NULL, NULL, NULL, '{\"5\":70.9,\"4\":24.1,\"3\":4.5,\"2\":0.4,\"1\":0.2}', '[\"https://img9.doubanio.com/view/photo/sqxs/public/p511131245.jpg\",\"https://img2.doubanio.com/view/photo/sqxs/public/p511127361.jpg\"]', '2026-07-11 16:32:03');
INSERT INTO `movie` VALUES (14, '25662329', '疯狂动物城', '拜伦·霍华德 Byron Howard / 瑞奇·摩尔 Rich Moore', '金妮弗·...', '喜剧 动画 冒险', '美国', 2016, 9.3, 2335703, '', 'https://img9.doubanio.com/view/photo/s_ratio_poster/public/p2924128964.jpg', 'https://movie.douban.com/subject/25662329/', '英语/挪威语', '2016-03-04(中国大陆/美国)', '109分钟(中国大陆)', 109, NULL, NULL, NULL, NULL, NULL, NULL, NULL, NULL, '{\"5\":67.6,\"4\":27.9,\"3\":4.2,\"2\":0.2,\"1\":0.1}', '[\"https://img3.doubanio.com/view/photo/sqxs/public/p2277484017.jpg\",\"https://img3.doubanio.com/view/photo/sqxs/public/p2277484043.jpg\",\"https://img2.doubanio.com/view/photo/sqxs/public/p2306456091.jpg\",\"https://img9.doubanio.com/view/photo/sqxs/public/p2277484016.jpg\"]', '2026-07-11 16:32:03');
INSERT INTO `movie` VALUES (15, '3793023', '三傻大闹宝莱坞', '拉库马·希拉尼 Rajkumar Hirani', '阿米尔·汗 Aamir Khan / 卡...', '剧情 喜剧 爱情 歌舞', '印度', 2009, 9.2, 2088612, '', 'https://img2.doubanio.com/view/photo/s_ratio_poster/public/p579729551.jpg', 'https://movie.douban.com/subject/3793023/', '印地语/乌尔都语/英语', '2011-12-08(中国大陆)', '171分钟(印度)', 171, NULL, NULL, NULL, NULL, NULL, NULL, NULL, NULL, '{\"5\":68.9,\"4\":25.4,\"3\":5.0,\"2\":0.5,\"1\":0.2}', '[\"https://img3.doubanio.com/view/photo/sqxs/public/p1303106712.jpg\",\"https://img3.doubanio.com/view/photo/sqxs/public/p579722647.jpg\",\"https://img9.doubanio.com/view/photo/sqxs/public/p1303107905.jpg\",\"https://img1.doubanio.com/view/photo/sqxs/public/p579724050.jpg\"]', '2026-07-11 16:32:03');
INSERT INTO `movie` VALUES (16, '2131459', '机器人总动员', '安德鲁·斯坦顿 Andrew Stanton', '本·贝尔特 Ben Burtt / 艾丽...', '科幻 动画 冒险', '美国', 2008, 9.3, 1502587, '', 'https://img2.doubanio.com/view/photo/s_ratio_poster/public/p1461851991.jpg', 'https://movie.douban.com/subject/2131459/', '英语', '2008-06-27(美国)', '98分钟', 98, NULL, NULL, NULL, NULL, NULL, NULL, NULL, NULL, '{\"5\":71.8,\"4\":23.8,\"3\":4.0,\"2\":0.2,\"1\":0.1}', '[\"https://img3.doubanio.com/view/photo/sqxs/public/p481175587.jpg\",\"https://img9.doubanio.com/view/photo/sqxs/public/p451024076.jpg\"]', '2026-07-11 16:32:03');
INSERT INTO `movie` VALUES (17, '1291549', '放牛班的春天', '克里斯托夫·巴拉蒂 Christophe Barratier', '让-巴蒂斯特·莫尼...', '剧情 音乐', '法国 瑞士 德国', 2004, 9.3, 1481316, '', 'https://img1.doubanio.com/view/photo/s_ratio_poster/public/p2884280708.jpg', 'https://movie.douban.com/subject/1291549/', '法语', '2004-10-16(中国大陆)', '97分钟', 97, NULL, NULL, NULL, NULL, NULL, NULL, NULL, NULL, '{\"5\":71.0,\"4\":25.2,\"3\":3.6,\"2\":0.2,\"1\":0.1}', '[\"https://img1.doubanio.com/view/photo/sqxs/public/p762361788.jpg\",\"https://img1.doubanio.com/view/photo/sqxs/public/p641707609.jpg\",\"https://img3.doubanio.com/view/photo/sqxs/public/p641706893.jpg\",\"https://img3.doubanio.com/view/photo/sqxs/public/p762362862.jpg\"]', '2026-07-11 16:32:03');
INSERT INTO `movie` VALUES (18, '1307914', '无间道', '刘伟强 / 麦兆辉', '刘德华 Andy Lau / 梁朝伟 Tony Leung Chiu W...', '剧情 犯罪 惊悚', '中国香港', 2002, 9.3, 1574687, '', 'https://img3.doubanio.com/view/photo/s_ratio_poster/public/p2597979873.jpg', 'https://movie.douban.com/subject/1307914/', '粤语', '2003-09-05(中国大陆)', '101分钟', 101, NULL, NULL, NULL, NULL, NULL, NULL, NULL, NULL, '{\"5\":69.7,\"4\":26.3,\"3\":3.8,\"2\":0.2,\"1\":0.1}', '[\"https://img9.doubanio.com/view/photo/sqxs/public/p1182116984.jpg\",\"https://img3.doubanio.com/view/photo/sqxs/public/p2228754233.jpg\"]', '2026-07-11 16:32:03');
INSERT INTO `movie` VALUES (19, '1296141', '控方证人', '比利·怀尔德 Billy Wilder', '泰隆·鲍华 Tyrone Power / 玛琳·...', '剧情 犯罪 悬疑 惊悚', '美国', 1957, 9.6, 751278, '', 'https://img3.doubanio.com/view/photo/s_ratio_poster/public/p2927451337.jpg', 'https://movie.douban.com/subject/1296141/', '英语/德语', '2025-12-05(中国大陆)', '116分钟', 116, NULL, NULL, NULL, NULL, NULL, NULL, NULL, NULL, '{\"5\":82.0,\"4\":16.1,\"3\":1.7,\"2\":0.1,\"1\":0.1}', '[\"https://img2.doubanio.com/view/photo/sqxs/public/p1963073081.jpg\",\"https://img2.doubanio.com/view/photo/sqxs/public/p1184248811.jpg\",\"https://img9.doubanio.com/view/photo/sqxs/public/p1963070215.jpg\",\"https://img9.doubanio.com/view/photo/sqxs/public/p2513251505.jpg\"]', '2026-07-11 16:32:03');
INSERT INTO `movie` VALUES (20, '20495023', '寻梦环游记', '李·昂克里奇 Lee Unkrich / 阿德里安·莫利纳 Adrian Molina', '...', '喜剧 动画 奇幻 音乐', '美国', 2017, 9.1, 2005073, '', 'https://img2.doubanio.com/view/photo/s_ratio_poster/public/p2505426431.jpg', 'https://movie.douban.com/subject/20495023/', '英语/西班牙语', '2017-11-24(中国大陆)', '105分钟', 105, NULL, NULL, NULL, NULL, NULL, NULL, NULL, NULL, '{\"5\":62.9,\"4\":29.9,\"3\":6.7,\"2\":0.4,\"1\":0.2}', '[\"https://img3.doubanio.com/view/photo/sqxs/public/p2504942497.jpg\",\"https://img1.doubanio.com/view/photo/sqxs/public/p2505722998.jpg\",\"https://img9.doubanio.com/view/photo/sqxs/public/p2505754974.jpg\",\"https://img3.doubanio.com/view/photo/sqxs/public/p2505708957.jpg\"]', '2026-07-11 16:32:03');
INSERT INTO `movie` VALUES (21, '1292213', '大话西游之大圣娶亲', '刘镇伟 Jeffrey Lau', '周星驰 Stephen Chow / 吴孟达 Man Tat Ng...', '喜剧 爱情 奇幻 古装', '中国香港 中国大陆', 1995, 9.2, 1717582, '', 'https://img9.doubanio.com/view/photo/s_ratio_poster/public/p2455050536.jpg', 'https://movie.douban.com/subject/1292213/', '粤语/汉语普通话', '2014-10-24(中国大陆)', '95分钟', 95, NULL, NULL, NULL, NULL, NULL, NULL, NULL, NULL, '{\"5\":66.8,\"4\":26.3,\"3\":6.0,\"2\":0.6,\"1\":0.3}', '[\"https://img9.doubanio.com/view/photo/sqxs/public/p2002642965.jpg\",\"https://img1.doubanio.com/view/photo/sqxs/public/p1512952229.jpg\"]', '2026-07-11 16:32:03');
INSERT INTO `movie` VALUES (22, '5912992', '熔炉', '黄东赫 Dong-hyuk Hwang', '孔侑 Yoo Gong / 郑有美 Yu-mi Jung /...', '剧情', '韩国', 2011, 9.3, 1040643, '', 'https://img9.doubanio.com/view/photo/s_ratio_poster/public/p1363250216.jpg', 'https://movie.douban.com/subject/5912992/', '韩语', '2011-09-22(韩国)', '125分钟', 125, NULL, NULL, NULL, NULL, NULL, NULL, NULL, NULL, '{\"5\":71.3,\"4\":25.0,\"3\":3.4,\"2\":0.2,\"1\":0.1}', '[\"https://img9.doubanio.com/view/photo/sqxs/public/p1479117726.jpg\",\"https://img3.doubanio.com/view/photo/sqxs/public/p1677516717.jpg\",\"https://img9.doubanio.com/view/photo/sqxs/public/p2505842114.jpg\",\"https://img9.doubanio.com/view/photo/sqxs/public/p2505842084.jpg\"]', '2026-07-11 16:32:03');
INSERT INTO `movie` VALUES (23, '6786002', '触不可及', '奥利维·那卡什 Olivier Nakache / 艾力克·托兰达 Eric Toledano 主...', '', '剧情 喜剧', '法国', 2011, 9.3, 1303679, '', 'https://img9.doubanio.com/view/photo/s_ratio_poster/public/p1454261925.jpg', 'https://movie.douban.com/subject/6786002/', '法语', '2011-11-02(法国)', '112分钟', 112, NULL, NULL, NULL, NULL, NULL, NULL, NULL, NULL, '{\"5\":68.7,\"4\":26.7,\"3\":4.2,\"2\":0.3,\"1\":0.1}', '[\"https://img3.doubanio.com/view/photo/sqxs/public/p1670735663.jpg\",\"https://img9.doubanio.com/view/photo/sqxs/public/p1697189295.jpg\"]', '2026-07-11 16:32:03');
INSERT INTO `movie` VALUES (24, '1291841', '教父', '弗朗西斯·福特·科波拉 Francis Ford Coppola', '马龙·白兰度 M...', '剧情 犯罪', '美国', 1972, 9.3, 1114324, '', 'https://img9.doubanio.com/view/photo/s_ratio_poster/public/p616779645.jpg', NULL, NULL, NULL, NULL, NULL, NULL, NULL, NULL, NULL, NULL, NULL, NULL, NULL, NULL, NULL, '2026-07-11 16:32:03');
INSERT INTO `movie` VALUES (25, '1293172', '末代皇帝', '贝纳尔多·贝托鲁奇 Bernardo Bertolucci', '尊龙 John Lone / 陈...', '剧情 传记 历史', '英国 意大利 中国大陆 法国', 1987, 9.3, 1035453, '', 'https://img3.doubanio.com/view/photo/s_ratio_poster/public/p452089833.jpg', NULL, NULL, NULL, NULL, NULL, NULL, NULL, NULL, NULL, NULL, NULL, NULL, NULL, NULL, NULL, '2026-07-11 16:32:03');
INSERT INTO `movie` VALUES (26, '1295038', '哈利·波特与魔法石', 'Chris Columbus', 'Daniel Radcliffe / Emma Watson / Rupert Grint', '奇幻 冒险', '美国 英国', 2001, 9.2, 1432833, '', 'https://img1.doubanio.com/view/photo/s_ratio_poster/public/p2913781448.jpg', 'https://movie.douban.com/subject/1295038/', '', '', '', 152, '童话世界的开端。', '', '', '', '', NULL, NULL, NULL, '{}', '[]', '2026-07-11 16:32:03');
INSERT INTO `movie` VALUES (27, '1849031', '当幸福来敲门', '加布里尔·穆奇诺 Gabriele Muccino', '威尔·史密斯 Will Smith ...', '剧情 传记 家庭', '美国', 2006, 9.1, 1696400, '', 'https://img1.doubanio.com/view/photo/s_ratio_poster/public/p1312700628.jpg', 'https://movie.douban.com/subject/1849031/', '', '', '', 117, '平民励志片。', '', '', '', '', NULL, NULL, NULL, '{}', '[]', '2026-07-11 16:32:03');
INSERT INTO `movie` VALUES (28, '1291560', '龙猫', '宫崎骏 Hayao Miyazaki', '日高法子 Noriko Hidaka / 坂本千夏 Ch...', '动画 奇幻 冒险', '日本', 1988, 9.2, 1418445, '', 'https://img9.doubanio.com/view/photo/s_ratio_poster/public/p2540924496.jpg', 'https://movie.douban.com/subject/1291560/', '', '', '', 86, '人人心中都有个龙猫，童年就永远不会消失。', '', '', '', '', NULL, NULL, NULL, '{}', '[]', '2026-07-11 16:32:03');
INSERT INTO `movie` VALUES (29, '1292365', '活着', '张艺谋 Yimou Zhang', '葛优 You Ge / 巩俐 Li Gong / 姜武 Wu Jiang', '剧情 历史 家庭', '中国大陆 中国香港', 1994, 9.3, 976567, '', 'https://img3.doubanio.com/view/photo/s_ratio_poster/public/p2597919477.jpg', 'https://movie.douban.com/subject/1292365/', '', '', '', 132, '张艺谋最好的电影。', '', '', '', '', NULL, NULL, NULL, '{}', '[]', '2026-07-11 16:32:03');
INSERT INTO `movie` VALUES (30, '3319755', '怦然心动', '罗伯·莱纳 Rob Reiner', '玛德琳·卡罗尔 Madeline Carroll / 卡...', '剧情 喜剧 爱情', '美国', 2010, 9.1, 2062031, '', 'https://img1.doubanio.com/view/photo/s_ratio_poster/public/p501177648.jpg', 'https://movie.douban.com/subject/3319755/', '', '', '', NULL, '真正的幸福是来自内心深处。', '', '', '', '', NULL, NULL, NULL, '{}', '[]', '2026-07-11 16:32:03');
INSERT INTO `movie` VALUES (31, '1851857', '蝙蝠侠：黑暗骑士', '克里斯托弗·诺兰 Christopher Nolan', '克里斯蒂安·贝尔 Christ...', '剧情 动作 科幻 犯罪 惊悚', '美国 英国', 2008, 9.2, 1199550, '', 'https://img3.doubanio.com/view/photo/s_ratio_poster/public/p462657443.jpg', 'https://movie.douban.com/subject/1851857/', '', '', '', 152, '无尽的黑暗。', '', '', '', '', NULL, NULL, NULL, '{}', '[]', '2026-07-11 16:32:03');
INSERT INTO `movie` VALUES (32, '1291552', '指环王3：王者无敌', '彼得·杰克逊 Peter Jackson', '伊利亚·伍德 Elijah Wood / 西恩...', '剧情 动作 奇幻 冒险', '美国 新西兰', 2003, 9.3, 916096, '', 'https://img3.doubanio.com/view/photo/s_ratio_poster/public/p2642829472.jpg', 'https://movie.douban.com/subject/1291552/', '', '', '', 201, '史诗的终章。', '', '', '', '', NULL, NULL, NULL, '{}', '[]', '2026-07-11 16:32:03');
INSERT INTO `movie` VALUES (33, '26752088', '我不是药神', '文牧野 Muye Wen', '徐峥 Zheng Xu / 王传君 Chuanjun Wang / 周...', '剧情 喜剧', '中国大陆', 2018, 9.0, 2362378, '', 'https://img1.doubanio.com/view/photo/s_ratio_poster/public/p2527119568.jpg', 'https://movie.douban.com/subject/26752088/', '', '', '', 117, '对我们国家而言，这样的电影多一部是一部。', '', '', '', '', NULL, NULL, NULL, '{}', '[]', '2026-07-11 16:32:03');
INSERT INTO `movie` VALUES (34, '1300267', '乱世佳人', '维克多·弗莱明 Victor Fleming / 乔治·库克 George Cukor', '费...', '剧情 历史 爱情 战争', '美国', 1939, 9.3, 801621, '', 'https://img1.doubanio.com/view/photo/s_ratio_poster/public/p1963126880.jpg', 'https://movie.douban.com/subject/1300267/', '', '', '', 233, 'Tomorrow is another day.', '', '', '', '', NULL, NULL, NULL, '{}', '[]', '2026-07-11 16:32:03');
INSERT INTO `movie` VALUES (35, '3742360', '让子弹飞', '姜文 Wen Jiang', '姜文 Wen Jiang / 葛优 You Ge / 周润发 Yun-F...', '剧情 喜剧 动作 西部', '中国大陆 中国香港', 2010, 9.0, 1930411, '', 'https://img3.doubanio.com/view/photo/s_ratio_poster/public/p1512562287.jpg', 'https://movie.douban.com/subject/3742360/', '', '', '', 132, '你给我翻译翻译，神马叫做TMD的惊喜。', '', '', '', '', NULL, NULL, NULL, '{}', '[]', '2026-07-11 16:32:03');
INSERT INTO `movie` VALUES (36, '2129039', '飞屋环游记', '彼特·道格特 Pete Docter / 鲍勃·彼德森 Bob Peterson', '爱德...', '剧情 喜剧 动画 冒险', '美国', 2009, 9.1, 1510034, '', 'https://img9.doubanio.com/view/photo/s_ratio_poster/public/p485887754.jpg', 'https://movie.douban.com/subject/2129039/', '', '', '', 96, '最后那些最无聊的事情，才是最值得怀念的。', '', '', '', '', NULL, NULL, NULL, '{}', '[]', '2026-07-11 16:32:03');
INSERT INTO `movie` VALUES (37, '1308807', '哈尔的移动城堡', '宫崎骏 Hayao Miyazaki', '倍赏千惠子 Chieko Baishô / 木村拓...', '爱情 动画 奇幻 冒险', '日本', 2004, 9.1, 1301503, '', 'https://img9.doubanio.com/view/photo/s_ratio_poster/public/p2907583906.jpg', 'https://movie.douban.com/subject/1308807/', '', '', '', 119, '带着心爱的人在天空飞翔。', '', '', '', '', NULL, NULL, NULL, '{}', '[]', '2026-07-11 16:32:03');
INSERT INTO `movie` VALUES (38, '1293182', '十二怒汉', '西德尼·吕美特 Sidney Lumet', '亨利·方达 Henry Fonda / 马丁...', '剧情', '美国', 1957, 9.4, 583418, '', 'https://img3.doubanio.com/view/photo/s_ratio_poster/public/p2173577632.jpg', 'https://movie.douban.com/subject/1293182/', '', '', '', 96, '1957年的理想主义。', '', '', '', '', NULL, NULL, NULL, '{}', '[]', '2026-07-11 16:32:03');
INSERT INTO `movie` VALUES (39, '25958717', '海蒂和爷爷', '阿兰·葛斯彭纳 Alain Gsponer', '阿努克·斯特芬 Anuk Steffen /...', '剧情 冒险 家庭', '德国 瑞士', 2015, 9.3, 791056, '', 'https://img9.doubanio.com/view/photo/s_ratio_poster/public/p2554525534.jpg', 'https://movie.douban.com/subject/25958717/', '', '', '', 111, '如果生活中有什么使你感到快乐，那就去做吧！不要管别人说什么。', '', '', '', '', NULL, NULL, NULL, '{}', '[]', '2026-07-11 16:32:03');
INSERT INTO `movie` VALUES (40, '21937452', '素媛', '李濬益 Jun-ik Lee', '薛景求 Kyung-gu Sol / 严志媛 Ji-won Uhm ...', '剧情', '韩国', 2013, 9.3, 780854, '', 'https://img9.doubanio.com/view/photo/s_ratio_poster/public/p2118532944.jpg', 'https://movie.douban.com/subject/21937452/', '', '', '', 122, '受过伤害的人总是笑得最开心，因为他们不愿意让身边的人承受一样的痛苦。', '', '', '', '', NULL, NULL, NULL, '{}', '[]', '2026-07-11 16:32:03');
INSERT INTO `movie` VALUES (41, '1305487', '猫鼠游戏', '史蒂文·斯皮尔伯格 Steven Spielberg', '莱昂纳多·迪卡普里奥 L...', '传记 犯罪 剧情', '美国 加拿大', 2002, 9.1, 1220217, '', 'https://img2.doubanio.com/view/photo/s_ratio_poster/public/p453924541.jpg', 'https://movie.douban.com/subject/1305487/', '', '', '', 141, '骗子大师和执著警探的你追我跑故事。', '', '', '', '', NULL, NULL, NULL, '{}', '[]', '2026-07-11 16:32:03');
INSERT INTO `movie` VALUES (42, '1291583', '天空之城', '宫崎骏 Hayao Miyazaki', '田中真弓 Mayumi Tanaka / 横泽启子 Ke...', '动画 奇幻 冒险', '日本', 1986, 9.2, 1014909, '', 'https://img2.doubanio.com/view/photo/s_ratio_poster/public/p2892409201.jpg', 'https://movie.douban.com/subject/1291583/', '', '', '', 125, '对天空的追逐，永不停止。', '', '', '', '', NULL, NULL, NULL, '{}', '[]', '2026-07-11 16:32:03');
INSERT INTO `movie` VALUES (43, '1291858', '鬼子来了', '姜文 Wen Jiang', '姜文 Wen Jiang / 香川照之 Teruyuki Kagawa /...', '剧情 喜剧', '中国大陆', 2000, 9.3, 719968, '', 'https://img1.doubanio.com/view/photo/s_ratio_poster/public/p2930874010.jpg', 'https://movie.douban.com/subject/1291858/', '', '', '', 139, '对敌人的仁慈，就是对自己残忍。', '', '', '', '', NULL, NULL, NULL, '{}', '[]', '2026-07-11 16:32:03');
INSERT INTO `movie` VALUES (44, '26387939', '摔跤吧！爸爸', '涅提·蒂瓦里 Nitesh Tiwari', '阿米尔·汗 Aamir Khan / 法缇玛...', '剧情 传记 运动 家庭', '印度', 2016, 9.0, 1755352, '', 'https://img1.doubanio.com/view/photo/s_ratio_poster/public/p2401676338.jpg', 'https://movie.douban.com/subject/26387939/', '', '', '', NULL, '你不是在为你一个人战斗，你要让千千万万的女性看到女生并不是只能相夫教子。', '', '', '', '', NULL, NULL, NULL, '{}', '[]', '2026-07-11 16:32:03');
INSERT INTO `movie` VALUES (45, '1929463', '少年派的奇幻漂流', '李安 Ang Lee', '苏拉·沙玛 Suraj Sharma / 伊尔凡·可汗 Irrfan...', '剧情 奇幻 冒险', '美国 中国台湾 英国 加拿大', 2012, 9.1, 1496684, '', 'https://img2.doubanio.com/view/photo/s_ratio_poster/public/p1784592701.jpg', 'https://movie.douban.com/subject/1929463/', '', '', '', 127, '瑰丽壮观、无人能及的冒险之旅。', '', '', '', '', NULL, NULL, NULL, '{}', '[]', '2026-07-11 16:32:03');
INSERT INTO `movie` VALUES (46, '1296736', '钢琴家', '罗曼·波兰斯基 Roman Polanski', '艾德里安·布洛迪 Adrien Brod...', '剧情 传记 战争 音乐', '英国 法国 波兰 德国 美国', 2002, 9.3, 755071, '', 'https://img2.doubanio.com/view/photo/s_ratio_poster/public/p1381339291.jpg', 'https://movie.douban.com/subject/1296736/', '', '', '', 149, '', '', '', '', '', NULL, NULL, NULL, '{}', '[]', '2026-07-11 16:32:03');
INSERT INTO `movie` VALUES (47, '1291548', '死亡诗社', '彼得·威尔 Peter Weir', '罗宾·威廉姆斯 Robin Williams / 罗伯...', '剧情', '美国', 1989, 9.2, 891613, '', 'https://img1.doubanio.com/view/photo/s_ratio_poster/public/p2575465690.jpg', 'https://movie.douban.com/subject/1291548/', '', '', '', 128, '当一个死水般的体制内出现一个活跃的变数时，所有的腐臭都站在了光明的对面。', '', '', '', '', NULL, NULL, NULL, '{}', '[]', '2026-07-11 16:32:03');
INSERT INTO `movie` VALUES (48, '1291572', '指环王2：双塔奇兵', '彼得·杰克逊 Peter Jackson', '伊利亚·伍德 Elijah Wood / 西恩...', '剧情 动作 奇幻 冒险', '美国 新西兰', 2002, 9.2, 862974, '', 'https://img9.doubanio.com/view/photo/s_ratio_poster/public/p2640236255.jpg', 'https://movie.douban.com/subject/1291572/', '', '', '', 180, '承前启后的史诗篇章。', '', '', '', '', NULL, NULL, NULL, '{}', '[]', '2026-07-11 16:32:03');
INSERT INTO `movie` VALUES (49, '1299398', '大话西游之月光宝盒', '刘镇伟 Jeffrey Lau', '周星驰 Stephen Chow / 吴孟达 Man Tat Ng...', '喜剧 爱情 奇幻 古装', '中国香港 中国大陆', 1995, 9.0, 1373323, '', 'https://img3.doubanio.com/view/photo/s_ratio_poster/public/p2561721372.jpg', 'https://movie.douban.com/subject/1299398/', '', '', '', 88, '', '', '', '', '', NULL, NULL, NULL, '{}', '[]', '2026-07-11 16:32:03');
INSERT INTO `movie` VALUES (50, '27060077', '绿皮书', '彼得·法雷里 Peter Farrelly', '维果·莫腾森 Viggo Mortensen /...', '剧情 喜剧 传记 音乐', '美国 中国大陆', 2018, 8.9, 1905142, '', 'https://img2.doubanio.com/view/photo/s_ratio_poster/public/p2531065411.jpg', 'https://movie.douban.com/subject/27060077/', '', '', '', 130, '去除成见，需要勇气。', '', '', '', '', NULL, NULL, NULL, '{}', '[]', '2026-07-11 16:32:03');
INSERT INTO `movie` VALUES (51, '30170448', '何以为家', '娜丁·拉巴基 Nadine Labaki', '扎因·拉费阿 Zain al-Rafeea / ...', '剧情', '黎巴嫩 美国 法国 塞浦路斯 卡塔尔 英国', 2018, 9.1, 1167858, '', 'https://img3.doubanio.com/view/photo/s_ratio_poster/public/p2875749222.jpg', 'https://movie.douban.com/subject/30170448/', '', '', '', 126, '凝视卑弱生命，用电影改变命运。', '', '', '', '', NULL, NULL, NULL, '{}', '[]', '2026-07-11 16:32:03');
INSERT INTO `movie` VALUES (52, '1298624', '闻香识女人', '马丁·布莱斯 Martin Brest', '阿尔·帕西诺 Al Pacino / 克里斯...', '剧情', '美国', 1992, 9.1, 1029760, '', 'https://img1.doubanio.com/view/photo/s_ratio_poster/public/p2550757929.jpg', 'https://movie.douban.com/subject/1298624/', '', '', '', 157, '', '', '', '', '', NULL, NULL, NULL, '{}', '[]', '2026-07-11 16:32:03');
INSERT INTO `movie` VALUES (53, '1418019', '大闹天宫', '万籁鸣 Laiming Wan', '邱岳峰 Yuefeng Qiu / 富润生 Runsheng Fu...', '1978(中国大陆)/中国大陆/剧情 动画 奇幻 古装', '1964(中国大陆)', 1961, 9.4, 513636, '', 'https://img3.doubanio.com/view/photo/s_ratio_poster/public/p2184505167.jpg', 'https://movie.douban.com/subject/1418019/', '', '', '', 113, '', '', '', '', '', NULL, NULL, NULL, '{}', '[]', '2026-07-11 16:32:03');
INSERT INTO `movie` VALUES (54, '1291843', '黑客帝国', '安迪·沃卓斯基 Andy Wachowski / 拉娜·沃卓斯基 Lana Wachowski 主...', '', '动作 科幻', '美国', 1999, 9.1, 957159, '', 'https://img1.doubanio.com/view/photo/s_ratio_poster/public/p451926968.jpg', 'https://movie.douban.com/subject/1291843/', '', '', '', 136, '', '', '', '', '', NULL, NULL, NULL, '{}', '[]', '2026-07-11 16:32:03');
INSERT INTO `movie` VALUES (55, '1291571', '指环王1：护戒使者', '彼得·杰克逊 Peter Jackson', '伊利亚·伍德 Elijah Wood / 西恩...', '剧情 动作 奇幻 冒险', '新西兰 美国 英国', 2001, 9.1, 966480, '', 'https://img9.doubanio.com/view/photo/s_ratio_poster/public/p2197698335.jpg', 'https://movie.douban.com/subject/1291571/', '', '', '', 179, '', '', '', '', '', NULL, NULL, NULL, '{}', '[]', '2026-07-11 16:32:03');
INSERT INTO `movie` VALUES (56, '1293839', '罗马假日', '威廉·惠勒 William Wyler', '奥黛丽·赫本 Audrey Hepburn / 格...', '喜剧 剧情 爱情', '美国', 1953, 9.1, 1053545, '', 'https://img9.doubanio.com/view/photo/s_ratio_poster/public/p2189265085.jpg', 'https://movie.douban.com/subject/1293839/', '', '', '', 118, '', '', '', '', '', NULL, NULL, NULL, '{}', '[]', '2026-07-11 16:32:03');
INSERT INTO `movie` VALUES (57, '1299131', '教父2', '弗朗西斯·福特·科波拉 Francis Ford Coppola', '阿尔·帕西诺 A...', '剧情 犯罪', '美国', 1974, 9.3, 645227, '', 'https://img3.doubanio.com/view/photo/s_ratio_poster/public/p2194138787.jpg', 'https://movie.douban.com/subject/1299131/', '', '', '', 202, '', '', '', '', '', NULL, NULL, NULL, '{}', '[]', '2026-07-11 16:32:03');
INSERT INTO `movie` VALUES (58, '1301753', '狮子王', 'Roger Allers / 罗伯·明可夫 Rob Minkoff', '乔纳森·泰勒·托马...', '动画 冒险 歌舞', '美国', 1994, 9.1, 967129, '', 'https://img3.doubanio.com/view/photo/s_ratio_poster/public/p726659067.jpg', 'https://movie.douban.com/subject/1301753/', '', '', '', 89, '', '', '', '', '', NULL, NULL, NULL, '{}', '[]', '2026-07-11 16:32:03');
INSERT INTO `movie` VALUES (59, '1291828', '天堂电影院', '朱塞佩·托纳多雷 Giuseppe Tornatore', '菲利普·努瓦雷 Philipp...', '剧情 爱情', '意大利 法国', 1988, 9.2, 745619, '', 'https://img1.doubanio.com/view/photo/s_ratio_poster/public/p2653054340.jpg', 'https://movie.douban.com/subject/1291828/', '', '', '', 173, '', '', '', '', '', NULL, NULL, NULL, '{}', '[]', '2026-07-11 16:32:03');
INSERT INTO `movie` VALUES (60, '1291818', '饮食男女', '李安 Ang Lee', '郎雄 Sihung Lung / 杨贵媚 Kuei-Mei Yang / 吴...', '剧情 家庭', '中国台湾 美国', 1994, 9.2, 731994, '', 'https://img2.doubanio.com/view/photo/s_ratio_poster/public/p1910899751.jpg', 'https://movie.douban.com/subject/1291818/', '', '', '', 124, '', '', '', '', '', NULL, NULL, NULL, '{}', '[]', '2026-07-11 16:32:03');
INSERT INTO `movie` VALUES (61, '21937445', '辩护人', '杨宇硕 Woo-seok Yang', '宋康昊 Kang-ho Song / 金英爱 Yeong-ae...', '剧情', '韩国', 2013, 9.2, 661134, '', 'https://img9.doubanio.com/view/photo/s_ratio_poster/public/p2158166535.jpg', 'https://movie.douban.com/subject/21937445/', '', '', '', 127, '电影的现实意义大过电影本身。', '', '', '', '', NULL, NULL, NULL, '{}', '[]', '2026-07-11 16:32:03');
INSERT INTO `movie` VALUES (62, '1485260', '本杰明·巴顿奇事', '大卫·芬奇 David Fincher', '布拉德·皮特 Brad Pitt / 凯特·布...', '剧情 爱情 奇幻', '美国', 2008, 9.0, 1111729, '', 'https://img3.doubanio.com/view/photo/s_ratio_poster/public/p2192535722.jpg', 'https://movie.douban.com/subject/1485260/', '', '', '', 166, '在时间之河里感受溺水之苦。', '', '', '', '', NULL, NULL, NULL, '{}', '[]', '2026-07-11 16:32:03');
INSERT INTO `movie` VALUES (63, '1292000', '搏击俱乐部', '大卫·芬奇 David Fincher', '爱德华·诺顿 Edward Norton / 布拉...', '剧情 动作 悬疑 惊悚', '美国', 1999, 9.0, 983885, '', 'https://img3.doubanio.com/view/photo/s_ratio_poster/public/p1910931622.jpg', 'https://movie.douban.com/subject/1292000/', '', '', '', 139, '', '', '', '', '', NULL, NULL, NULL, '{}', '[]', '2026-07-11 16:32:03');
INSERT INTO `movie` VALUES (64, '1306029', '美丽心灵', '朗·霍华德 Ron Howard', '罗素·克劳 Russell Crowe / 艾德·哈...', '传记 剧情', '美国', 2001, 9.1, 857685, '', 'https://img1.doubanio.com/view/photo/s_ratio_poster/public/p1665997400.jpg', 'https://movie.douban.com/subject/1306029/', '', '', '', 135, '', '', '', '', '', NULL, NULL, NULL, '{}', '[]', '2026-07-11 16:32:03');
INSERT INTO `movie` VALUES (65, '3008247', '穿条纹睡衣的男孩', '马克·赫尔曼 Mark Herman', '阿萨·巴特菲尔德 Asa Butterfield ...', '剧情 战争', '英国 美国', 2008, 9.2, 645812, '', 'https://img3.doubanio.com/view/photo/s_ratio_poster/public/p1473670352.jpg', 'https://movie.douban.com/subject/3008247/', '', '', '', 94, '尽管有些不切实际的幻想，这部电影依旧是一部感人肺腑的佳作。', '', '', '', '', NULL, NULL, NULL, '{}', '[]', '2026-07-11 16:32:03');
INSERT INTO `movie` VALUES (66, '3011235', '哈利·波特与死亡圣器(下)', '大卫·叶茨 David Yates', '丹尼尔·雷德克里夫 Daniel Radcliffe...', '奇幻 冒险', '美国 英国', 2011, 9.0, 977602, '', 'https://img1.doubanio.com/view/photo/s_ratio_poster/public/p2913457020.jpg', 'https://movie.douban.com/subject/3011235/', '', '', '', 130, '10年的完美句点。', '', '', '', '', NULL, NULL, NULL, '{}', '[]', '2026-07-11 16:32:03');
INSERT INTO `movie` VALUES (67, '1293350', '两杆大烟枪', '盖·里奇 Guy Ritchie', '杰森·弗莱明 Jason Flemyng / 德克斯特...', '剧情 喜剧 犯罪', '英国', 1998, 9.1, 683013, '', 'https://img1.doubanio.com/view/photo/s_ratio_poster/public/p792443418.jpg', 'https://movie.douban.com/subject/1293350/', '', '', '', 107, '', '', '', '', '', NULL, NULL, NULL, '{}', '[]', '2026-07-11 16:32:03');
INSERT INTO `movie` VALUES (68, '1292220', '情书', '岩井俊二 Shunji Iwai', '中山美穗 Miho Nakayama / 丰川悦司 Ets...', '剧情 爱情', '日本', 1995, 8.9, 1335405, '', 'https://img1.doubanio.com/view/photo/s_ratio_poster/public/p2648230660.jpg', 'https://movie.douban.com/subject/1292220/', '', '', '', 117, '', '', '', '', '', NULL, NULL, NULL, '{}', '[]', '2026-07-11 16:32:03');
INSERT INTO `movie` VALUES (69, '1291543', '功夫', '周星驰 Stephen Chow', '周星驰 Stephen Chow / 元秋 Qiu Yuen / ...', '动作 喜剧 犯罪 奇幻', '中国大陆 中国香港', 2004, 8.9, 1347656, '', 'https://img1.doubanio.com/view/photo/s_ratio_poster/public/p2219011938.jpg', 'https://movie.douban.com/subject/1291543/', '', '', '', 100, '警恶惩奸，维护世界和平这个任务就交给你了，好吗？', '', '', '', '', NULL, NULL, NULL, '{}', '[]', '2026-07-11 16:32:03');
INSERT INTO `movie` VALUES (70, '1900841', '窃听风暴', '弗洛里安·亨克尔·冯·多纳斯马尔克 Florian Henckel von Donnersmarck &n...', '', '剧情 悬疑', '德国', 2006, 9.2, 635974, '', 'https://img1.doubanio.com/view/photo/s_ratio_poster/public/p1808872109.jpg', 'https://movie.douban.com/subject/1900841/', '', '', '', 137, '别样人生。', '', '', '', '', NULL, NULL, NULL, '{}', '[]', '2026-07-11 16:32:03');
INSERT INTO `movie` VALUES (71, '1294408', '音乐之声', '罗伯特·怀斯 Robert Wise', '朱莉·安德鲁斯 Julie Andrews / 克...', '剧情 传记 爱情 歌舞', '美国', 1965, 9.1, 688675, '', 'https://img1.doubanio.com/view/photo/s_ratio_poster/public/p2585102899.jpg', 'https://movie.douban.com/subject/1294408/', '', '', '', 174, '', '', '', '', '', NULL, NULL, NULL, '{}', '[]', '2026-07-11 16:32:03');
INSERT INTO `movie` VALUES (72, '1291544', '哈利·波特与阿兹卡班的囚徒', '阿方索·卡隆 Alfonso Cuarón', '丹尼尔·雷德克里夫 Daniel Rad...', '奇幻 冒险', '英国 美国', 2004, 9.0, 898451, '', 'https://img1.doubanio.com/view/photo/s_ratio_poster/public/p2913456870.jpg', 'https://movie.douban.com/subject/1291544/', '', '', '', 141, '不一样的导演，不一样的哈利·波特。', '', '', '', '', NULL, NULL, NULL, '{}', '[]', '2026-07-11 16:32:03');
INSERT INTO `movie` VALUES (73, '1652587', '阿凡达', '詹姆斯·卡梅隆 James Cameron', '萨姆·沃辛顿 Sam Worthington ...', '动作 科幻 冒险', '美国', 2009, 8.8, 1594672, '', 'https://img1.doubanio.com/view/photo/s_ratio_poster/public/p2180085848.jpg', 'https://movie.douban.com/subject/1652587/', '', '', '', 162, '绝对意义上的美轮美奂。', '', '', '', '', NULL, NULL, NULL, '{}', '[]', '2026-07-11 16:32:03');
INSERT INTO `movie` VALUES (74, '1292402', '西西里的美丽传说', '朱塞佩·托纳多雷 Giuseppe Tornatore', '莫妮卡·贝鲁奇 Monica ...', '剧情 战争 情色', '意大利 美国', 2000, 8.9, 1099479, '', 'https://img1.doubanio.com/view/photo/s_ratio_poster/public/p2441988159.jpg', 'https://movie.douban.com/subject/1292402/', '', '', '', 108, '', '', '', '', '', NULL, NULL, NULL, '{}', '[]', '2026-07-11 16:32:03');
INSERT INTO `movie` VALUES (75, '26580232', '看不见的客人', '奥里奥尔·保罗 Oriol Paulo', '马里奥·卡萨斯 Mario Casas / 阿...', '剧情 犯罪 悬疑 惊悚', '西班牙', 2016, 8.8, 1450469, '', 'https://img9.doubanio.com/view/photo/s_ratio_poster/public/p2498971355.jpg', 'https://movie.douban.com/subject/26580232/', '', '', '', 106, '你以为你以为的就是你以为的。', '', '', '', '', NULL, NULL, NULL, '{}', '[]', '2026-07-11 16:32:03');
INSERT INTO `movie` VALUES (76, '1292849', '拯救大兵瑞恩', '史蒂文·斯皮尔伯格 Steven Spielberg', '汤姆·汉克斯 Tom Hanks...', '剧情 战争', '美国', 1998, 9.1, 730739, '', 'https://img9.doubanio.com/view/photo/s_ratio_poster/public/p1014542496.jpg', 'https://movie.douban.com/subject/1292849/', '', '', '', 169, '', '', '', '', '', NULL, NULL, NULL, '{}', '[]', '2026-07-11 16:32:03');
INSERT INTO `movie` VALUES (77, '1293544', '沉默的羔羊', '乔纳森·戴米 Jonathan Demme', '朱迪·福斯特 Jodie Foster / 安...', '剧情 犯罪 惊悚', '美国', 1991, 8.9, 1023416, '', 'https://img3.doubanio.com/view/photo/s_ratio_poster/public/p1593414327.jpg', 'https://movie.douban.com/subject/1293544/', '', '', '', 118, '', '', '', '', '', NULL, NULL, NULL, '{}', '[]', '2026-07-11 16:32:03');
INSERT INTO `movie` VALUES (78, '1303021', '小鞋子', '马基德·马基迪 Majid Majidi', '默罕默德·阿米尔·纳吉 Mohamma...', '剧情 儿童 家庭', '伊朗', 1997, 9.2, 470898, '', 'https://img9.doubanio.com/view/photo/s_ratio_poster/public/p2165511465.jpg', 'https://movie.douban.com/subject/1303021/', '', '', '', 89, '', '', '', '', '', NULL, NULL, NULL, '{}', '[]', '2026-07-11 16:32:03');
INSERT INTO `movie` VALUES (79, '1292343', '蝴蝶效应', '埃里克·布雷斯 Eric Bress / J·麦基·格鲁伯 J. Mackye Gruber 主...', '', '剧情 悬疑 科幻 惊悚', '美国 加拿大', 2004, 8.9, 1076171, '', 'https://img1.doubanio.com/view/photo/s_ratio_poster/public/p2209066019.jpg', 'https://movie.douban.com/subject/1292343/', '', '', '', 113, '人的命运被自己瞬间的抉择改变。', '', '', '', '', NULL, NULL, NULL, '{}', '[]', '2026-07-11 16:32:03');
INSERT INTO `movie` VALUES (80, '11525673', '布达佩斯大饭店', '韦斯·安德森 Wes Anderson', '拉尔夫·费因斯 Ralph Fiennes / ...', '剧情 喜剧 冒险', '美国 德国 英国', 2014, 8.9, 1093355, '', 'https://img3.doubanio.com/view/photo/s_ratio_poster/public/p2183539003.jpg', 'https://movie.douban.com/subject/11525673/', '', '', '', 99, '小清新的故事里注入了大历史的情怀。', '', '', '', '', NULL, NULL, NULL, '{}', '[]', '2026-07-11 16:32:03');
INSERT INTO `movie` VALUES (81, '36445098', '还有明天', '宝拉·柯特莱西 Paola Cortellesi', '宝拉·柯特莱西 Paola Corte...', '剧情 喜剧 历史', '意大利', 2023, 9.3, 381894, '', 'https://img9.doubanio.com/view/photo/s_ratio_poster/public/p2918279456.jpg', 'https://movie.douban.com/subject/36445098/', '', '', '', 118, '', '', '', '', '', NULL, NULL, NULL, '{}', '[]', '2026-07-11 16:32:03');
INSERT INTO `movie` VALUES (82, '1292224', '飞越疯人院', '米洛斯·福尔曼 Miloš Forman', '杰克·尼科尔森 Jack Nichols...', '剧情', '美国', 1975, 9.1, 609203, '', 'https://img3.doubanio.com/view/photo/s_ratio_poster/public/p792238287.jpg', 'https://movie.douban.com/subject/1292224/', '', '', '', 133, '', '', '', '', '', NULL, NULL, NULL, '{}', '[]', '2026-07-11 16:32:03');
INSERT INTO `movie` VALUES (83, '2334904', '禁闭岛', 'Martin Scorsese', '莱昂纳多·迪卡普里奥 Leonardo DiCaprio / ...', '剧情 悬疑 惊悚', '美国', 2010, 8.9, 1122498, '', 'https://img1.doubanio.com/view/photo/s_ratio_poster/public/p450262388.jpg', 'https://movie.douban.com/subject/2334904/', '', '', '', 138, '昔日翩翩少年，今日大腹便便。', '', '', '', '', NULL, NULL, NULL, '{}', '[]', '2026-07-11 16:32:03');
INSERT INTO `movie` VALUES (84, '1292656', '心灵捕手', '格斯·范·桑特 Gus Van Sant', '马特·达蒙 Matt Damon / 罗宾·...', '剧情', '美国', 1997, 9.0, 820801, '', 'https://img9.doubanio.com/view/photo/s_ratio_poster/public/p480965695.jpg', 'https://movie.douban.com/subject/1292656/', '', '', '', 126, '', '', '', '', '', NULL, NULL, NULL, '{}', '[]', '2026-07-11 16:32:03');
INSERT INTO `movie` VALUES (85, '1780330', '致命魔术', '克里斯托弗·诺兰 Christopher Nolan', '休·杰克曼 Hugh Jackman...', '剧情 悬疑 惊悚', '英国 美国', 2006, 8.9, 970504, '', 'https://img9.doubanio.com/view/photo/s_ratio_poster/public/p480383375.jpg', 'https://movie.douban.com/subject/1780330/', '', '', '', 130, '孪生蝙蝠侠大战克隆金刚狼。', '', '', '', '', NULL, NULL, NULL, '{}', '[]', '2026-07-11 16:32:03');
INSERT INTO `movie` VALUES (86, '1291832', '低俗小说', '昆汀·塔伦蒂诺 Quentin Tarantino', '约翰·特拉沃尔塔 John Tra...', '剧情 喜剧 犯罪', '美国', 1994, 8.9, 967143, '', 'https://img3.doubanio.com/view/photo/s_ratio_poster/public/p1910902213.jpg', 'https://movie.douban.com/subject/1291832/', '', '', '', 154, '', '', '', '', '', NULL, NULL, NULL, '{}', '[]', '2026-07-11 16:32:03');
INSERT INTO `movie` VALUES (87, '1296996', '哈利·波特与密室', 'Chris Columbus', '丹尼尔·雷德克里夫 Daniel Radcliffe / 艾玛...', '奇幻 冒险', '英国 美国', 2002, 8.9, 925188, '', 'https://img2.doubanio.com/view/photo/s_ratio_poster/public/p2913781951.jpg', 'https://movie.douban.com/subject/1296996/', '', '', '', 161, '', '', '', '', '', NULL, NULL, NULL, '{}', '[]', '2026-07-11 16:32:03');
INSERT INTO `movie` VALUES (88, '1292434', '一一', '杨德昌 Edward Yang', '吴念真 / 李凯莉 Kelly Lee / 金燕玲 Elai...', '剧情 爱情 家庭', '中国台湾 日本', 2000, 9.1, 520458, '', 'https://img1.doubanio.com/view/photo/s_ratio_poster/public/p2924629258.jpg', 'https://movie.douban.com/subject/1292434/', '', '', '', 173, '', '', '', '', '', NULL, NULL, NULL, '{}', '[]', '2026-07-11 16:32:03');
INSERT INTO `movie` VALUES (89, '5322596', '超脱', '托尼·凯耶 Tony Kaye', '艾德里安·布洛迪 Adrien Brody / 马西...', '剧情', '美国', 2011, 9.0, 729666, '', 'https://img2.doubanio.com/view/photo/s_ratio_poster/public/p1305562621.jpg', 'https://movie.douban.com/subject/5322596/', '', '', '', 98, '穷尽一生，我们要学会的，不过是彼此拥抱。', '', '', '', '', NULL, NULL, NULL, '{}', '[]', '2026-07-11 16:32:03');
INSERT INTO `movie` VALUES (90, '1302425', '喜剧之王', '周星驰 Stephen Chow / 李力持 Lik-Chi Lee', '周星驰 Stephen Ch...', '喜剧 剧情 爱情', '中国香港', 1999, 8.8, 1104415, '', 'https://img9.doubanio.com/view/photo/s_ratio_poster/public/p2917778954.jpg', 'https://movie.douban.com/subject/1302425/', '', '', '', 89, '', '', '', '', '', NULL, NULL, NULL, '{}', '[]', '2026-07-11 16:32:03');
INSERT INTO `movie` VALUES (91, '1297192', '致命ID', '詹姆斯·曼高德 James Mangold', '约翰·库萨克 John Cusack / 雷...', '剧情 悬疑 惊悚', '美国', 2003, 8.9, 958633, '', 'https://img1.doubanio.com/view/photo/s_ratio_poster/public/p2497887020.jpg', 'https://movie.douban.com/subject/1297192/', '', '', '', 90, '', '', '', '', '', NULL, NULL, NULL, '{}', '[]', '2026-07-11 16:32:03');
INSERT INTO `movie` VALUES (92, '1300299', '杀人回忆', '奉俊昊 Joon-ho Bong', '宋康昊 Kang-ho Song / 金相庆 Sang-kyun...', '剧情 动作 犯罪 悬疑 惊悚', '韩国', 2003, 8.9, 845419, '', 'https://img1.doubanio.com/view/photo/s_ratio_poster/public/p1633113220.jpg', 'https://movie.douban.com/subject/1300299/', '', '', '', 132, '', '', '', '', '', NULL, NULL, NULL, '{}', '[]', '2026-07-11 16:32:03');
INSERT INTO `movie` VALUES (93, '1294371', '摩登时代', '查理·卓别林 Charles Chaplin', '查理·卓别林 Charles Chaplin ...', '剧情 喜剧 爱情', '美国', 1936, 9.3, 350182, '', 'https://img1.doubanio.com/view/photo/s_ratio_poster/public/p2263408369.jpg', 'https://movie.douban.com/subject/1294371/', '', '', '', 87, '', '', '', '', '', NULL, NULL, NULL, '{}', '[]', '2026-07-11 16:32:03');
INSERT INTO `movie` VALUES (94, '1292679', '春光乍泄', '王家卫 Kar Wai Wong', '张国荣 Leslie Cheung / 梁朝伟 Tony Leu...', '剧情 爱情 同性', '中国香港 日本 韩国', 1997, 9.0, 714201, '', 'https://img2.doubanio.com/view/photo/s_ratio_poster/public/p465939041.jpg', 'https://movie.douban.com/subject/1292679/', '', '', '', 96, '', '', '', '', '', NULL, NULL, NULL, '{}', '[]', '2026-07-11 16:32:03');
INSERT INTO `movie` VALUES (95, '1298070', '加勒比海盗', '戈尔·维宾斯基 Gore Verbinski', '约翰尼·德普 Johnny Depp / ...', '动作 冒险 奇幻', '美国', 2003, 8.8, 976978, '', 'https://img9.doubanio.com/view/photo/s_ratio_poster/public/p1596085504.jpg', 'https://movie.douban.com/subject/1298070/', '', '', '', 143, '', '', '', '', '', NULL, NULL, NULL, '{}', '[]', '2026-07-11 16:32:03');
INSERT INTO `movie` VALUES (96, '3442220', '海豚湾', '路易·西霍尤斯 Louie Psihoyos', '路易·西霍尤斯 Louie Psihoyo...', '纪录片', '美国', 2009, 9.3, 384080, '', 'https://img1.doubanio.com/view/photo/s_ratio_poster/public/p2559579779.jpg', 'https://movie.douban.com/subject/3442220/', '', '', '', 92, '海豚的微笑，是世界上最高明的伪装。', '', '', '', '', NULL, NULL, NULL, '{}', '[]', '2026-07-11 16:32:03');
INSERT INTO `movie` VALUES (97, '1292262', '美国往事', '赛尔乔·莱翁内 Sergio Leone', '罗伯特·德尼罗 Robert De Niro ...', '犯罪 剧情', '美国 意大利', 1984, 9.1, 476006, '', 'https://img3.doubanio.com/view/photo/s_ratio_poster/public/p477229647.jpg', 'https://movie.douban.com/subject/1292262/', '', '', '', 229, '', '', '', '', '', NULL, NULL, NULL, '{}', '[]', '2026-07-11 16:32:03');
INSERT INTO `movie` VALUES (98, '1865703', '红辣椒', '今敏 Satoshi Kon', '林原惠美 Megumi Hayashibara / 江守彻 Toru...', '动画 悬疑 科幻 惊悚', '日本', 2006, 9.0, 576825, '', 'https://img1.doubanio.com/view/photo/s_ratio_poster/public/p2794776839.jpg', 'https://movie.douban.com/subject/1865703/', '', '', '', 90, '梦的勾结。', '', '', '', '', NULL, NULL, NULL, '{}', '[]', '2026-07-11 16:32:03');
INSERT INTO `movie` VALUES (99, '1292223', '七宗罪', '大卫·芬奇 David Fincher', '摩根·弗里曼 Morgan Freeman / 布...', '剧情 犯罪 悬疑 惊悚', '美国', 1995, 8.8, 1071836, '', 'https://img9.doubanio.com/view/photo/s_ratio_poster/public/p2219586434.jpg', 'https://movie.douban.com/subject/1292223/', '', '', '', 127, '', '', '', '', '', NULL, NULL, NULL, '{}', '[]', '2026-07-11 16:32:03');
INSERT INTO `movie` VALUES (100, '1306249', '唐伯虎点秋香', '李力持 Lik-Chi Lee', '周星驰 Stephen Chow / 巩俐 Li Gong / 陈...', '喜剧 爱情 古装', '中国香港', 1993, 8.8, 1234276, '', 'https://img9.doubanio.com/view/photo/s_ratio_poster/public/p2357915564.jpg', 'https://movie.douban.com/subject/1306249/', '', '', '', 102, '', '', '', '', '', NULL, NULL, NULL, '{}', '[]', '2026-07-11 16:32:03');
INSERT INTO `movie` VALUES (101, '6985810', '狩猎', '托马斯·温特伯格 Thomas Vinterberg', '麦斯·米科尔森 Mads Mik...', '剧情', '丹麦 瑞典', 2012, 9.1, 476013, '', 'https://img3.doubanio.com/view/photo/s_ratio_poster/public/p1546987967.jpg', 'https://movie.douban.com/subject/6985810/', '', '', '', 115, '人言可畏。', '', '', '', '', NULL, NULL, NULL, '{}', '[]', '2026-07-11 16:32:03');
INSERT INTO `movie` VALUES (102, '1297359', '幽灵公主', '宫崎骏 Hayao Miyazaki', '松田洋治 Yôji Matsuda / 石田百合...', '动画 奇幻 冒险', '日本', 1997, 8.9, 675919, '', 'https://img3.doubanio.com/view/photo/s_ratio_poster/public/p2920895053.jpg', 'https://movie.douban.com/subject/1297359/', '', '', '', 134, '', '', '', '', '', NULL, NULL, NULL, '{}', '[]', '2026-07-11 16:32:03');
INSERT INTO `movie` VALUES (103, '27010768', '寄生虫', '奉俊昊 Joon-ho Bong', '宋康昊 Kang-ho Song / 李善均 Seon-gyun...', '剧情', '韩国', 2019, 8.8, 1559634, '', 'https://img1.doubanio.com/view/photo/s_ratio_poster/public/p2561439800.jpg', 'https://movie.douban.com/subject/27010768/', '', '', '', 132, '', '', '', '', '', NULL, NULL, NULL, '{}', '[]', '2026-07-11 16:32:03');
INSERT INTO `movie` VALUES (104, '1305164', '甜蜜蜜', '陈可辛 Peter Chan', '黎明 Leon Lai / 张曼玉 Maggie Cheung / ...', '剧情 爱情', '中国香港', 1996, 8.9, 680865, '', 'https://img9.doubanio.com/view/photo/s_ratio_poster/public/p2223011274.jpg', 'https://movie.douban.com/subject/1305164/', '', '', '', 118, '', '', '', '', '', NULL, NULL, NULL, '{}', '[]', '2026-07-11 16:32:03');
INSERT INTO `movie` VALUES (105, '1428581', '天书奇谭', '王树忱 Shuchen Wang / 钱运达 Yunda Qian', '丁建华 Jianhua Din...', '中国大陆/动画 奇幻', '2021', 1983, 9.2, 339856, '', 'https://img9.doubanio.com/view/photo/s_ratio_poster/public/p2700138245.jpg', 'https://movie.douban.com/subject/1428581/', '', '', '', 89, '', '', '', '', '', NULL, NULL, NULL, '{}', '[]', '2026-07-11 16:32:03');
INSERT INTO `movie` VALUES (106, '3395373', '蝙蝠侠：黑暗骑士崛起', '克里斯托弗·诺兰 Christopher Nolan', '克里斯蒂安·贝尔 Christ...', '剧情 动作 科幻 犯罪 惊悚', '美国 英国', 2012, 8.9, 821103, '', 'https://img9.doubanio.com/view/photo/s_ratio_poster/public/p1706428744.jpg', 'https://movie.douban.com/subject/3395373/', '', '', '', 165, '诺兰就是保证。', '', '', '', '', NULL, NULL, NULL, '{}', '[]', '2026-07-11 16:32:03');
INSERT INTO `movie` VALUES (107, '11026735', '超能陆战队', '唐·霍尔 Don Hall / 克里斯·威廉姆斯 Chris Williams', '斯科特...', '喜剧 动作 科幻 动画 冒险', '美国', 2014, 8.8, 1155213, '', 'https://img1.doubanio.com/view/photo/s_ratio_poster/public/p2224568669.jpg', 'https://movie.douban.com/subject/11026735/', '', '', '', 102, 'Balalala~~~', '', '', '', '', NULL, NULL, NULL, '{}', '[]', '2026-07-11 16:32:03');
INSERT INTO `movie` VALUES (108, '1461403', '茶馆', '谢添 Tian Xie', '于是之 Shizhi Yu / 郑榕 Rong Zhen / 蓝天野 T...', '剧情 历史', '中国大陆', 1982, 9.5, 213789, '', 'https://img9.doubanio.com/view/photo/s_ratio_poster/public/p2528965424.jpg', 'https://movie.douban.com/subject/1461403/', '', '', '', 118, '', '', '', '', '', NULL, NULL, NULL, '{}', '[]', '2026-07-11 16:32:03');
INSERT INTO `movie` VALUES (109, '10777687', '7号房的礼物', '李焕庆 Hwan-kyeong Lee', '柳承龙 Seung-yong Ryoo / 朴信惠 Shi...', '剧情 喜剧 家庭', '韩国', 2013, 8.9, 626989, '', 'https://img9.doubanio.com/view/photo/s_ratio_poster/public/p1816276065.jpg', 'https://movie.douban.com/subject/10777687/', '', '', '', 127, '《我是山姆》的《美丽人生》。', '', '', '', '', NULL, NULL, NULL, '{}', '[]', '2026-07-11 16:32:03');
INSERT INTO `movie` VALUES (110, '1297630', '第六感', 'M·奈特·沙马兰 M. Night Shyamalan', '布鲁斯·威利斯 Bruce Wi...', '剧情 悬疑 惊悚', '美国', 1999, 8.9, 645295, '', 'https://img9.doubanio.com/view/photo/s_ratio_poster/public/p2220184425.jpg', 'https://movie.douban.com/subject/1297630/', '', '', '', 107, '', '', '', '', '', NULL, NULL, NULL, '{}', '[]', '2026-07-11 16:32:03');
INSERT INTO `movie` VALUES (111, '1296339', '爱在黎明破晓前', '理查德·林克莱特 Richard Linklater', '伊桑·霍克 Ethan Hawke ...', '剧情 爱情', '美国 奥地利 瑞士', 1995, 8.8, 811255, '', 'https://img9.doubanio.com/view/photo/s_ratio_poster/public/p2555762374.jpg', 'https://movie.douban.com/subject/1296339/', '', '', '', 101, '', '', '', '', '', NULL, NULL, NULL, '{}', '[]', '2026-07-11 16:32:03');
INSERT INTO `movie` VALUES (112, '1291990', '爱在日落黄昏时', '理查德·林克莱特 Richard Linklater', '伊桑·霍克 Ethan Hawke ...', '剧情 爱情', '美国 法国', 2004, 8.9, 662160, '', 'https://img9.doubanio.com/view/photo/s_ratio_poster/public/p2191788134.jpg', 'https://movie.douban.com/subject/1291990/', '', '', '', 80, '九年后的重逢是世俗和责任的交叠，没了悸动和青涩，沧桑而温暖。', '', '', '', '', NULL, NULL, NULL, '{}', '[]', '2026-07-11 16:32:03');
INSERT INTO `movie` VALUES (113, '10533913', '头脑特工队', '彼特·道格特 Pete Docter / 罗纳尔多·德尔·卡门 Ronaldo Del Carmen &nb...', '', '喜剧 动画 冒险', '美国', 2015, 8.9, 816783, '', 'https://img1.doubanio.com/view/photo/s_ratio_poster/public/p2874927470.jpg', 'https://movie.douban.com/subject/10533913/', '', '', '', 95, '愿我们都不用长大，每一座城堡都能永远存在。', '', '', '', '', NULL, NULL, NULL, '{}', '[]', '2026-07-11 16:32:03');
INSERT INTO `movie` VALUES (114, '1309055', '哈利·波特与火焰杯', '迈克·内威尔 Mike Newell', '丹尼尔·雷德克里夫 Daniel Radclif...', '悬疑 奇幻 冒险', '英国 美国', 2005, 8.8, 810807, '', 'https://img9.doubanio.com/view/photo/s_ratio_poster/public/p2913456904.jpg', 'https://movie.douban.com/subject/1309055/', '', '', '', 157, '', '', '', '', '', NULL, NULL, NULL, '{}', '[]', '2026-07-11 16:32:03');
INSERT INTO `movie` VALUES (115, '1787291', '被嫌弃的松子的一生', '中岛哲也 Tetsuya Nakashima', '中谷美纪 Miki Nakatani / 瑛太 E...', '剧情 歌舞', '日本', 2006, 8.8, 780207, '', 'https://img9.doubanio.com/view/photo/s_ratio_poster/public/p884763596.jpg', 'https://movie.douban.com/subject/1787291/', '', '', '', 130, '以戏谑来戏谑戏谑。', '', '', '', '', NULL, NULL, NULL, '{}', '[]', '2026-07-11 16:32:03');
INSERT INTO `movie` VALUES (116, '1395091', '未麻的部屋', '今敏 Satoshi Kon', '岩男润子 Junko Iwao / 松本梨香 Rica Matsu...', '剧情 犯罪 动画 悬疑 惊悚', '日本', 1997, 9.1, 431139, '', 'https://img3.doubanio.com/view/photo/s_ratio_poster/public/p1351050722.jpg', 'https://movie.douban.com/subject/1395091/', '', '', '', 81, '', '', '', '', '', NULL, NULL, NULL, '{}', '[]', '2026-07-11 16:32:03');
INSERT INTO `movie` VALUES (117, '1291999', '重庆森林', '王家卫 Kar Wai Wong', '林青霞 Brigitte Lin / 金城武 Takeshi K...', '剧情 爱情', '中国香港', 1994, 8.8, 930691, '', 'https://img2.doubanio.com/view/photo/s_ratio_poster/public/p792381411.jpg', 'https://movie.douban.com/subject/1291999/', '', '', '', 102, '', '', '', '', '', NULL, NULL, NULL, '{}', '[]', '2026-07-11 16:32:03');
INSERT INTO `movie` VALUES (118, '4202302', '借东西的小人阿莉埃蒂', '米林宏昌 Hiromasa Yonebayashi', '志田未来 Mirai Shida / 神木...', '动画 奇幻 冒险', '日本', 2010, 8.9, 633666, '', 'https://img9.doubanio.com/view/photo/s_ratio_poster/public/p617533616.jpg', 'https://movie.douban.com/subject/4202302/', '', '', '', 94, '曾经的那段美好会沉淀为一辈子的记忆。', '', '', '', '', NULL, NULL, NULL, '{}', '[]', '2026-07-11 16:32:03');
INSERT INTO `movie` VALUES (119, '1293359', '菊次郎的夏天', '北野武 Takeshi Kitano', '北野武 Takeshi Kitano / 关口雄介 Yus...', '剧情 喜剧', '日本', 1999, 8.9, 679650, '', 'https://img9.doubanio.com/view/photo/s_ratio_poster/public/p2620392435.jpg', 'https://movie.douban.com/subject/1293359/', '', '', '', 121, '', '', '', '', '', NULL, NULL, NULL, '{}', '[]', '2026-07-11 16:32:03');
INSERT INTO `movie` VALUES (120, '2149806', '入殓师', '泷田洋二郎 Yôjirô Takita', '本木雅弘 Masahiro Motoki / ...', '剧情', '日本', 2008, 8.9, 747423, '', 'https://img9.doubanio.com/view/photo/s_ratio_poster/public/p2707581855.jpg', 'https://movie.douban.com/subject/2149806/', '', '', '', 130, '死可能是一道门，逝去并不是终结，而是超越，走向下一程。', '', '', '', '', NULL, NULL, NULL, '{}', '[]', '2026-07-11 16:32:03');
INSERT INTO `movie` VALUES (121, '1292370', '剪刀手爱德华', '蒂姆·波顿 Tim Burton', '约翰尼·德普 Johnny Depp / 薇诺娜·...', '剧情 爱情 奇幻', '美国', 1990, 8.7, 1127257, '', 'https://img3.doubanio.com/view/photo/s_ratio_poster/public/p480956937.jpg', 'https://movie.douban.com/subject/1292370/', '', '', '', 105, '', '', '', '', '', NULL, NULL, NULL, '{}', '[]', '2026-07-11 16:32:03');
INSERT INTO `movie` VALUES (122, '1418834', '断背山', '李安 Ang Lee', '希斯·莱杰 Heath Ledger / 杰克·吉伦哈尔 Jake...', '剧情 爱情 同性 家庭', '美国 加拿大', 2005, 8.8, 789600, '', 'https://img3.doubanio.com/view/photo/s_ratio_poster/public/p2169104127.jpg', 'https://movie.douban.com/subject/1418834/', '', '', '', 134, '每个人心中都有一座断背山。', '', '', '', '', NULL, NULL, NULL, '{}', '[]', '2026-07-11 16:32:03');
INSERT INTO `movie` VALUES (123, '1294639', '勇敢的心', '梅尔·吉布森 Mel Gibson', '梅尔·吉布森 Mel Gibson / 苏菲·玛...', '动作 传记 剧情 历史 战争', '美国', 1995, 8.9, 609363, '', 'https://img1.doubanio.com/view/photo/s_ratio_poster/public/p2004174709.jpg', 'https://movie.douban.com/subject/1294639/', '', '', '', 178, '', '', '', '', '', NULL, NULL, NULL, '{}', '[]', '2026-07-11 16:32:03');
INSERT INTO `movie` VALUES (124, '10577869', '时空恋旅人', '理查德·柯蒂斯 Richard Curtis', '多姆纳尔·格里森 Domhnall Gl...', '喜剧 爱情 奇幻', '英国 美国', 2013, 8.8, 802508, '', 'https://img9.doubanio.com/view/photo/s_ratio_poster/public/p2070153774.jpg', 'https://movie.douban.com/subject/10577869/', '', '', '', 123, '把每天当作最后一天般珍惜度过，积极拥抱生活，就是幸福。', '', '', '', '', NULL, NULL, NULL, '{}', '[]', '2026-07-11 16:32:03');
INSERT INTO `movie` VALUES (125, '1418200', '傲慢与偏见', '乔·怀特 Joe Wright', '凯拉·奈特莉 Keira Knightley / 马修·...', '剧情 爱情', '法国 英国 美国', 2005, 8.7, 950081, '', 'https://img1.doubanio.com/view/photo/s_ratio_poster/public/p2016401659.jpg', 'https://movie.douban.com/subject/1418200/', '', '', '', 129, '爱是摈弃傲慢与偏见之后的曙光。', '', '', '', '', NULL, NULL, NULL, '{}', '[]', '2026-07-11 16:32:03');
INSERT INTO `movie` VALUES (126, '2353023', '驯龙高手', '迪恩·德布洛斯 Dean DeBlois / 克里斯·桑德斯 Chris Sanders', '...', '动画 奇幻 冒险', '美国', 2010, 8.8, 874411, '', 'https://img9.doubanio.com/view/photo/s_ratio_poster/public/p2210954024.jpg', 'https://movie.douban.com/subject/2353023/', '', '', '', 98, '和谐的生活离不开摸头与被摸头。', '', '', '', '', NULL, NULL, NULL, '{}', '[]', '2026-07-11 16:32:03');
INSERT INTO `movie` VALUES (127, '1292337', '无人知晓', '是枝裕和 Hirokazu Koreeda', '柳乐优弥 Yûya Yagira / 北浦爱...', '剧情', '日本', 2004, 9.1, 376794, '', 'https://img3.doubanio.com/view/photo/s_ratio_poster/public/p661160053.jpg', 'https://movie.douban.com/subject/1292337/', '', '', '', 141, '我的平常生活就是他人的幸福。', '', '', '', '', NULL, NULL, NULL, '{}', '[]', '2026-07-11 16:32:03');
INSERT INTO `movie` VALUES (128, '21318488', '消失的爱人', '大卫·芬奇 David Fincher', '本·阿弗莱克 Ben Affleck / 罗莎蒙...', '剧情 犯罪 悬疑 惊悚', '美国', 2014, 8.7, 1082242, '', 'https://img9.doubanio.com/view/photo/s_ratio_poster/public/p2221768894.jpg', 'https://movie.douban.com/subject/21318488/', '', '', '', 149, '年度最佳date movie。', '', '', '', '', NULL, NULL, NULL, '{}', '[]', '2026-07-11 16:32:03');
INSERT INTO `movie` VALUES (129, '1858711', '玩具总动员3', '李·昂克里奇 Lee Unkrich', '汤姆·汉克斯 Tom Hanks / 蒂姆·艾...', '喜剧 动画 奇幻 冒险', '美国', 2010, 8.9, 604632, '', 'https://img1.doubanio.com/view/photo/s_ratio_poster/public/p1283675359.jpg', 'https://movie.douban.com/subject/1858711/', '', '', '', 103, '跨度十五年的欢乐与泪水。', '', '', '', '', NULL, NULL, NULL, '{}', '[]', '2026-07-11 16:32:03');
INSERT INTO `movie` VALUES (130, '1297447', '倩女幽魂', '程小东 Siu-Tung Ching', '张国荣 Leslie Cheung / 王祖贤 Joey W...', '爱情 奇幻 武侠 古装', '中国香港', 1987, 8.8, 842351, '', 'https://img9.doubanio.com/view/photo/s_ratio_poster/public/p2918554634.jpg', 'https://movie.douban.com/subject/1297447/', '', '', '', 96, '', '', '', '', '', NULL, NULL, NULL, '{}', '[]', '2026-07-11 16:32:03');
INSERT INTO `movie` VALUES (131, '10437779', '新世界', '朴勋政 Hoon-jung Park', '李政宰 Jung-Jae Lee / 崔岷植 Min-sik...', '剧情 犯罪', '韩国', 2013, 8.9, 534827, '', 'https://img1.doubanio.com/view/photo/s_ratio_poster/public/p1903379979.jpg', 'https://movie.douban.com/subject/10437779/', '', '', '', 135, '要做就做得狠一点，这样才能活下去。', '', '', '', '', NULL, NULL, NULL, '{}', '[]', '2026-07-11 16:32:03');
INSERT INTO `movie` VALUES (132, '1291557', '花样年华', '王家卫 Kar Wai Wong', '张曼玉 Maggie Cheung / 梁朝伟 Tony Leu...', '剧情 爱情', '中国香港', 2000, 8.8, 815178, '', 'https://img3.doubanio.com/view/photo/s_ratio_poster/public/p2918312477.jpg', 'https://movie.douban.com/subject/1291557/', '', '', '', 103, '', '', '', '', '', NULL, NULL, NULL, '{}', '[]', '2026-07-11 16:32:03');
INSERT INTO `movie` VALUES (133, '26628357', '一个叫欧维的男人决定去死', '汉内斯·赫尔姆 Hannes Holm', '罗夫·拉斯加德 Rolf Lassgård...', '剧情', '瑞典', 2015, 8.9, 576239, '', 'https://img3.doubanio.com/view/photo/s_ratio_poster/public/p2406624993.jpg', 'https://movie.douban.com/subject/26628357/', '', '', '', 116, '惠及一生的美丽。', '', '', '', '', NULL, NULL, NULL, '{}', '[]', '2026-07-11 16:32:03');
INSERT INTO `movie` VALUES (134, '1828115', '色，戒', '李安 Ang Lee', '梁朝伟 Tony Leung Chiu Wai / 汤唯 Wei Tang / ...', '剧情 爱情 情色', '中国台湾 中国大陆 美国 中国香港', 2007, 8.7, 972854, '', 'https://img9.doubanio.com/view/photo/s_ratio_poster/public/p453716305.jpg', 'https://movie.douban.com/subject/1828115/', '', '', '', 158, '假戏真情，爱欲深海', '', '', '', '', NULL, NULL, NULL, '{}', '[]', '2026-07-11 16:32:03');
INSERT INTO `movie` VALUES (135, '1300992', '完美的世界', '克林特·伊斯特伍德 Clint Eastwood', '凯文·科斯特纳 Kevin Cos...', '剧情 犯罪', '美国', 1993, 9.1, 363620, '', 'https://img1.doubanio.com/view/photo/s_ratio_poster/public/p2190556408.jpg', 'https://movie.douban.com/subject/1300992/', '', '', '', 138, '', '', '', '', '', NULL, NULL, NULL, '{}', '[]', '2026-07-11 16:32:03');
INSERT INTO `movie` VALUES (136, '1291579', '怪兽电力公司', '彼特·道格特 Pete Docter / 大卫·斯沃曼 David Silverman', '约...', '儿童 喜剧 动画 奇幻 冒险', '美国', 2001, 8.8, 778056, '', 'https://img1.doubanio.com/view/photo/s_ratio_poster/public/p2513247938.jpg', 'https://movie.douban.com/subject/1291579/', '', '', '', 92, '', '', '', '', '', NULL, NULL, NULL, '{}', '[]', '2026-07-11 16:32:03');
INSERT INTO `movie` VALUES (137, '1294240', '教父3', '弗朗西斯·福特·科波拉 Francis Ford Coppola', '阿尔·帕西诺 A...', '剧情 犯罪', '美国', 1990, 9.0, 437584, '', 'https://img2.doubanio.com/view/photo/s_ratio_poster/public/p2169664351.jpg', 'https://movie.douban.com/subject/1294240/', '', '', '', 162, '', '', '', '', '', NULL, NULL, NULL, '{}', '[]', '2026-07-11 16:32:03');
INSERT INTO `movie` VALUES (138, '25814705', '小森林 夏秋篇', '森淳一 Junichi Mori', '桥本爱 Ai Hashimoto / 三浦贵大 Takahir...', '剧情', '日本', 2014, 9.0, 477872, '', 'https://img1.doubanio.com/view/photo/s_ratio_poster/public/p2232317770.jpg', 'https://movie.douban.com/subject/25814705/', '', '', '', 111, '那些静得只能听见呼吸的日子里，你明白孤独即生活。', '', '', '', '', NULL, NULL, NULL, '{}', '[]', '2026-07-11 16:32:03');
INSERT INTO `movie` VALUES (139, '1291875', '阳光灿烂的日子', '姜文 Wen Jiang', '夏雨 Yu Xia / 宁静 Jing Ning / 陶虹 Hong Tao', '剧情 爱情', '中国大陆 中国香港', 1994, 8.8, 701724, '', 'https://img3.doubanio.com/view/photo/s_ratio_poster/public/p2582946597.jpg', 'https://movie.douban.com/subject/1291875/', '', '', '', 134, '', '', '', '', '', NULL, NULL, NULL, '{}', '[]', '2026-07-11 16:32:03');
INSERT INTO `movie` VALUES (140, '1292215', '天使爱美丽', '让-皮埃尔·热内 Jean-Pierre Jeunet', '奥黛丽·塔图 Audrey Tau...', '剧情 喜剧 爱情', '法国 德国', 2001, 8.7, 1026436, '', 'https://img3.doubanio.com/view/photo/s_ratio_poster/public/p2447590313.jpg', 'https://movie.douban.com/subject/1292215/', '', '', '', 122, '', '', '', '', '', NULL, NULL, NULL, '{}', '[]', '2026-07-11 16:32:03');
INSERT INTO `movie` VALUES (141, '1297052', '侧耳倾听', '近藤喜文 Yoshifumi Kondo', '本名阳子 Youko Honna / 小林桂树 K...', '剧情 爱情 动画', '日本', 1995, 8.9, 525233, '', 'https://img3.doubanio.com/view/photo/s_ratio_poster/public/p456692072.jpg', 'https://movie.douban.com/subject/1297052/', '', '', '', 111, '', '', '', '', '', NULL, NULL, NULL, '{}', '[]', '2026-07-11 16:32:03');
INSERT INTO `movie` VALUES (142, '1307315', '哪吒闹海', '王树忱 Shuchen Wang / 严定宪 Dingxian Yan', '梁正晖 Zhenghui ...', '冒险 动画 奇幻', '中国大陆', 1979, 9.2, 311757, '', 'https://img9.doubanio.com/view/photo/s_ratio_poster/public/p2532803206.jpg', 'https://movie.douban.com/subject/1307315/', '', '', '', 62, '', '', '', '', '', NULL, NULL, NULL, '{}', '[]', '2026-07-11 16:32:03');
INSERT INTO `movie` VALUES (143, '1297518', '九品芝麻官', '王晶 Jing Wong', '周星驰 Stephen Chow / 吴孟达 Man Tat Ng / ...', '剧情 喜剧 古装', '中国香港', 1994, 8.8, 803327, '', 'https://img1.doubanio.com/view/photo/s_ratio_poster/public/p648370300.jpg', 'https://movie.douban.com/subject/1297518/', '', '', '', 108, '', '', '', '', '', NULL, NULL, NULL, '{}', '[]', '2026-07-11 16:32:03');
INSERT INTO `movie` VALUES (144, '6307447', '被解救的姜戈', '昆汀·塔伦蒂诺 Quentin Tarantino', '杰米·福克斯 Jamie Foxx /...', '剧情 动作 西部 冒险', '美国', 2012, 8.8, 699769, '', 'https://img3.doubanio.com/view/photo/s_ratio_poster/public/p1800813767.jpg', 'https://movie.douban.com/subject/6307447/', '', '', '', 163, '热血沸腾，那个低俗、性感的无耻混蛋又来了。', '', '', '', '', NULL, NULL, NULL, '{}', '[]', '2026-07-11 16:32:03');
INSERT INTO `movie` VALUES (145, '26799731', '请以你的名字呼唤我', '卢卡·瓜达尼诺 Luca Guadagnino', '艾米·汉莫 Armie Hammer / ...', '剧情 爱情 同性', '意大利 法国 巴西 美国', 2017, 8.8, 833099, '', 'https://img1.doubanio.com/view/photo/s_ratio_poster/public/p2505525050.jpg', 'https://movie.douban.com/subject/26799731/', '', '', '', 132, '沉醉在电影的情感和视听氛围中无法自拔。', '', '', '', '', NULL, NULL, NULL, '{}', '[]', '2026-07-11 16:32:03');
INSERT INTO `movie` VALUES (146, '1292274', '幸福终点站', '史蒂文·斯皮尔伯格 Steven Spielberg', '汤姆·汉克斯 Tom Hanks...', '喜剧 剧情 爱情', '美国', 2004, 8.8, 648202, '', 'https://img3.doubanio.com/view/photo/s_ratio_poster/public/p854757687.jpg', 'https://movie.douban.com/subject/1292274/', '', '', '', 128, '有时候幸福需要等一等。', '', '', '', '', NULL, NULL, NULL, '{}', '[]', '2026-07-11 16:32:03');
INSERT INTO `movie` VALUES (147, '25986180', '釜山行', '延尚昊 Sang-ho Yeon', '孔刘 Yoo Gong / 郑有美 Yu-mi Jung / 马...', '动作 惊悚 灾难', '韩国', 2016, 8.6, 1362552, '', 'https://img1.doubanio.com/view/photo/s_ratio_poster/public/p2360940399.jpg', 'https://movie.douban.com/subject/25986180/', '', '', '', 118, '揭露人性的丧尸题材力作。', '', '', '', '', NULL, NULL, NULL, '{}', '[]', '2026-07-11 16:32:03');
INSERT INTO `movie` VALUES (148, '3287562', '神偷奶爸', '皮艾尔·柯芬 Pierre Coffin / 克里斯·雷纳德 Chris Renaud', '...', '喜剧 动画 冒险', '美国 法国', 2010, 8.7, 1055701, '', 'https://img1.doubanio.com/view/photo/s_ratio_poster/public/p792776858.jpg', 'https://movie.douban.com/subject/3287562/', '', '', '', 95, 'Mr. I Don\'t Care其实也有Care的时候。', '', '', '', '', NULL, NULL, NULL, '{}', '[]', '2026-07-11 16:32:03');
INSERT INTO `movie` VALUES (149, '25814707', '小森林 冬春篇', '森淳一 Junichi Mori', '桥本爱 Ai Hashimoto / 三浦贵大 Takahir...', '剧情', '日本', 2015, 9.0, 424303, '', 'https://img1.doubanio.com/view/photo/s_ratio_poster/public/p2258078370.jpg', 'https://movie.douban.com/subject/25814707/', '', '', '', 120, '尊敬他人，尊敬你生活的这片土地，明白孤独是人生的常态。', '', '', '', '', NULL, NULL, NULL, '{}', '[]', '2026-07-11 16:32:03');
INSERT INTO `movie` VALUES (150, '1303037', '喜宴', '李安 Ang Lee', '赵文瑄 Winston Chao / 归亚蕾 Ya-lei Kuei / 郎...', '剧情 喜剧 爱情 同性 家庭', '中国台湾 美国', 1993, 9.0, 437979, '', 'https://img3.doubanio.com/view/photo/s_ratio_poster/public/p2249048907.jpg', 'https://movie.douban.com/subject/1303037/', '', '', '', 108, '', '', '', '', '', NULL, NULL, NULL, '{}', '[]', '2026-07-11 16:32:03');
INSERT INTO `movie` VALUES (151, '5989818', '萤火之森', '大森贵弘 Takahiro Omori', '佐仓绫音 Ayane Sakura / 内山昂辉 K...', '剧情 爱情 动画 奇幻', '日本', 2011, 8.8, 618186, '', 'https://img3.doubanio.com/view/photo/s_ratio_poster/public/p1675053073.jpg', 'https://movie.douban.com/subject/5989818/', '', '', '', 45, '触不到的恋人。', '', '', '', '', NULL, NULL, NULL, '{}', '[]', '2026-07-11 16:32:03');
INSERT INTO `movie` VALUES (152, '4268598', '告白', '中岛哲也 Tetsuya Nakashima', '松隆子 Takako Matsu / 冈田将生 ...', '剧情 悬疑', '日本', 2010, 8.8, 750257, '', 'https://img9.doubanio.com/view/photo/s_ratio_poster/public/p689520756.jpg', 'https://movie.douban.com/subject/4268598/', '', '', '', 106, '没有一人完全善，也没有一人完全恶。', '', '', '', '', NULL, NULL, NULL, '{}', '[]', '2026-07-11 16:32:03');
INSERT INTO `movie` VALUES (153, '1295399', '七武士', '黑泽明 Akira Kurosawa', '三船敏郎 Toshirô Mifune / 志村乔 ...', '动作 冒险 剧情', '日本', 1954, 9.3, 239065, '', 'https://img9.doubanio.com/view/photo/s_ratio_poster/public/p2215886505.jpg', 'https://movie.douban.com/subject/1295399/', '', '', '', 207, '', '', '', '', '', NULL, NULL, NULL, '{}', '[]', '2026-07-11 16:32:03');
INSERT INTO `movie` VALUES (154, '3072124', '玛丽和麦克斯', '亚当·艾略特 Adam Elliot', '托妮·科莱特 Toni Collette / 菲利...', '剧情 喜剧 动画', '澳大利亚 美国', 2009, 9.0, 475077, '', 'https://img9.doubanio.com/view/photo/s_ratio_poster/public/p2923412445.jpg', 'https://movie.douban.com/subject/3072124/', '', '', '', 90, '你是我最好的朋友，你是我唯一的朋友 。', '', '', '', '', NULL, NULL, NULL, '{}', '[]', '2026-07-11 16:32:03');
INSERT INTO `movie` VALUES (155, '4920389', '头号玩家', '史蒂文·斯皮尔伯格 Steven Spielberg', '泰伊·谢里丹 Tye Sheri...', '动作 科幻 冒险', '美国', 2018, 8.6, 1529929, '', 'https://img3.doubanio.com/view/photo/s_ratio_poster/public/p2516578307.jpg', 'https://movie.douban.com/subject/4920389/', '', '', '', 140, '写给影迷，动漫迷和游戏迷的一封情书。', '', '', '', '', NULL, NULL, NULL, '{}', '[]', '2026-07-11 16:32:03');
INSERT INTO `movie` VALUES (156, '35426925', '机器人之梦', '巴勃罗·贝格尔 Pablo Berger', '伊万·拉班达 Ivan Labanda', '剧情 动画 音乐', '西班牙 法国', 2023, 9.1, 455215, '', 'https://img1.doubanio.com/view/photo/s_ratio_poster/public/p2928203369.jpg', 'https://movie.douban.com/subject/35426925/', '', '', '', 102, '', '', '', '', '', NULL, NULL, NULL, '{}', '[]', '2026-07-11 16:32:03');
INSERT INTO `movie` VALUES (157, '10463953', '模仿游戏', '莫滕·泰杜姆 Morten Tyldum', '本尼迪克特·康伯巴奇 Benedict C...', '剧情 传记 战争 同性', '英国 美国', 2014, 8.8, 726044, '', 'https://img1.doubanio.com/view/photo/s_ratio_poster/public/p2922986728.jpg', 'https://movie.douban.com/subject/10463953/', '', '', '', 114, '他给机器起名“克里斯托弗”，因为这是他初恋的名字。', '', '', '', '', NULL, NULL, NULL, '{}', '[]', '2026-07-11 16:32:03');
INSERT INTO `movie` VALUES (158, '1293181', '惊魂记', '阿尔弗雷德·希区柯克 Alfred Hitchcock', '安东尼·博金斯 Antho...', '悬疑 惊悚 恐怖', '美国', 1960, 9.0, 361507, '', 'https://img9.doubanio.com/view/photo/s_ratio_poster/public/p1021883305.jpg', 'https://movie.douban.com/subject/1293181/', '', '', '', 109, '', '', '', '', '', NULL, NULL, NULL, '{}', '[]', '2026-07-11 16:32:03');
INSERT INTO `movie` VALUES (159, '1291545', '大鱼', '蒂姆·波顿 Tim Burton', '伊万·麦克格雷格 Ewan McGregor / 阿...', '剧情 爱情 奇幻 冒险', '美国', 2003, 8.8, 631965, '', 'https://img9.doubanio.com/view/photo/s_ratio_poster/public/p692813374.jpg', 'https://movie.douban.com/subject/1291545/', '', '', '', 125, '', '', '', '', '', NULL, NULL, NULL, '{}', '[]', '2026-07-11 16:32:03');
INSERT INTO `movie` VALUES (160, '24733428', '心灵奇旅', '彼特·道格特 Pete Docter / 凯普·鲍尔斯 Kemp Powers', '杰米·...', '动画 奇幻 音乐', '美国', 2020, 8.7, 1155601, '', 'https://img1.doubanio.com/view/photo/s_ratio_poster/public/p2595591069.jpg', 'https://movie.douban.com/subject/24733428/', '', '', '', 100, '', '', '', '', '', NULL, NULL, NULL, '{}', '[]', '2026-07-11 16:32:03');
INSERT INTO `movie` VALUES (161, '1307856', '背靠背，脸对脸', '黄建新 Jianxin Huang / 杨亚洲 Yazhou Yang', '牛振华 Zhenhua N...', '剧情', '中国大陆 中国香港', 1994, 9.5, 183666, '', 'https://img3.doubanio.com/view/photo/s_ratio_poster/public/p2505048077.jpg', 'https://movie.douban.com/subject/1307856/', '', '', '', 148, '', '', '', '', '', NULL, NULL, NULL, '{}', '[]', '2026-07-11 16:32:03');
INSERT INTO `movie` VALUES (162, '26683290', '你的名字。', '新海诚 Makoto Shinkai', '神木隆之介 Ryûnosuke Kamiki / 上...', '剧情 爱情 动画', '日本', 2016, 8.5, 1608120, '', 'https://img2.doubanio.com/view/photo/s_ratio_poster/public/p2910701461.jpg', 'https://movie.douban.com/subject/26683290/', '', '', '', 106, '穿越错位的时空，仰望陨落的星辰，你没留下你的名字，我却无法忘记那句“我爱你”。', '', '', '', '', NULL, NULL, NULL, '{}', '[]', '2026-07-11 16:32:03');
INSERT INTO `movie` VALUES (163, '26325320', '血战钢锯岭', '梅尔·吉布森 Mel Gibson', '安德鲁·加菲尔德 Andrew Garfield /...', '剧情 传记 历史 战争', '澳大利亚 美国', 2016, 8.7, 866235, '', 'https://img1.doubanio.com/view/photo/s_ratio_poster/public/p2398141939.jpg', 'https://movie.douban.com/subject/26325320/', '', '', '', 139, '优秀的战争片不会美化战场，不会粉饰死亡，不会矮化敌人，不会无视常识，最重要的，不会宣扬战争。', '', '', '', '', NULL, NULL, NULL, '{}', '[]', '2026-07-11 16:32:03');
INSERT INTO `movie` VALUES (164, '1316510', '射雕英雄传之东成西就', '刘镇伟 Jeffrey Lau', '梁朝伟 Tony Leung Chiu Wai / 林青霞 Bri...', '喜剧 奇幻 武侠 古装', '中国香港', 1993, 8.7, 724084, '', 'https://img3.doubanio.com/view/photo/s_ratio_poster/public/p2609063922.jpg', 'https://movie.douban.com/subject/1316510/', '', '', '', 113, '', '', '', '', '', NULL, NULL, NULL, '{}', '[]', '2026-07-11 16:32:03');
INSERT INTO `movie` VALUES (165, '1291992', '末路狂花', '雷德利·斯科特 Ridley Scott', '吉娜·戴维斯 Geena Davis / 苏...', '犯罪 剧情 惊悚', '美国 英国 法国', 1991, 9.0, 357353, '', 'https://img9.doubanio.com/view/photo/s_ratio_poster/public/p1910924635.jpg', 'https://movie.douban.com/subject/1291992/', '', '', '', 130, '', '', '', '', '', NULL, NULL, NULL, '{}', '[]', '2026-07-11 16:32:03');
INSERT INTO `movie` VALUES (166, '1306861', '我是山姆', '杰茜·尼尔森 Jessie Nelson', 'Sean Penn / Dakota Fanning / Mi...', '剧情 家庭', '美国', 2001, 9.0, 380513, '', 'https://img9.doubanio.com/view/photo/s_ratio_poster/public/p652417775.jpg', 'https://movie.douban.com/subject/1306861/', '', '', '', 132, '', '', '', '', '', NULL, NULL, NULL, '{}', '[]', '2026-07-11 16:32:03');
INSERT INTO `movie` VALUES (167, '4917726', '阳光姐妹淘', '姜炯哲 Hyeong-Cheol Kang', '沈恩京 Eun-kyung Shim / 闵孝琳 Hy...', '剧情 喜剧', '韩国', 2011, 8.8, 643513, '', 'https://img3.doubanio.com/view/photo/s_ratio_poster/public/p1374786017.jpg', 'https://movie.douban.com/subject/4917726/', '', '', '', 124, '再多各自牛逼的时光，也比不上一起傻逼的岁月。', '', '', '', '', NULL, NULL, NULL, '{}', '[]', '2026-07-11 16:32:03');
INSERT INTO `movie` VALUES (168, '21360417', '恐怖直播', '金秉祐 Byeong-woo Kim', '河正宇 Jung-woo Ha / 李璟荣 Kyeong-y...', '剧情 犯罪 悬疑', '韩国', 2013, 8.7, 734753, '', 'https://img9.doubanio.com/view/photo/s_ratio_poster/public/p2016930906.jpg', 'https://movie.douban.com/subject/21360417/', '', '', '', 97, '恐怖分子的“秋菊打官司”。', '', '', '', '', NULL, NULL, NULL, '{}', '[]', '2026-07-11 16:32:03');
INSERT INTO `movie` VALUES (169, '1302467', '黑客帝国3：矩阵革命', '拉娜·沃卓斯基 Lana Wachowski / 莉莉·沃卓斯基 Lilly Wachowski ...', '', '动作 科幻', '美国', 2003, 8.8, 502060, '', 'https://img1.doubanio.com/view/photo/s_ratio_poster/public/p443461818.jpg', 'https://movie.douban.com/subject/1302467/', '', '', '', 129, '', '', '', '', '', NULL, NULL, NULL, '{}', '[]', '2026-07-11 16:32:03');
INSERT INTO `movie` VALUES (170, '1422283', '高山下的花环', '谢晋 Jin Xie', '吕晓禾 Xiaohe Lü / 唐国强 Guoqiang Tang / 何...', '中国大陆/剧情 战争', '1985', 1984, 9.5, 164602, '', 'https://img1.doubanio.com/view/photo/s_ratio_poster/public/p2319879389.jpg', 'https://movie.douban.com/subject/1422283/', '', '', '', 146, '', '', '', '', '', NULL, NULL, NULL, '{}', '[]', '2026-07-11 16:32:03');
INSERT INTO `movie` VALUES (171, '27119724', '小丑', '托德·菲利普斯 Todd Phillips', '杰昆·菲尼克斯 Joaquin Phoeni...', '剧情 犯罪 惊悚', '美国 加拿大', 2019, 8.7, 1133027, '', 'https://img9.doubanio.com/view/photo/s_ratio_poster/public/p2567198874.jpg', 'https://movie.douban.com/subject/27119724/', '', '', '', 122, '', '', '', '', '', NULL, NULL, NULL, '{}', '[]', '2026-07-11 16:32:03');
INSERT INTO `movie` VALUES (172, '1578507', '谍影重重3', '保罗·格林格拉斯 Paul Greengrass', '马特·达蒙 Matt Damon / ...', '动作 悬疑 惊悚', '美国 德国 法国 英国', 2007, 8.9, 476049, '', 'https://img3.doubanio.com/view/photo/s_ratio_poster/public/p792223507.jpg', 'https://movie.douban.com/subject/1578507/', '', '', '', 115, '像吃了苏打饼一样干脆的电影。', '', '', '', '', NULL, NULL, NULL, '{}', '[]', '2026-07-11 16:32:03');
INSERT INTO `movie` VALUES (173, '26611804', '三块广告牌', '马丁·麦克唐纳 Martin McDonagh', '弗兰西斯·麦克多蒙德 France...', '剧情 犯罪', '英国 美国', 2017, 8.7, 928197, '', 'https://img9.doubanio.com/view/photo/s_ratio_poster/public/p2502943384.jpg', 'https://movie.douban.com/subject/26611804/', '', '', '', 115, '怼天怼地，你走后，她与世界为敌。', '', '', '', '', NULL, NULL, NULL, '{}', '[]', '2026-07-11 16:32:03');
INSERT INTO `movie` VALUES (174, '1307106', '无间道2', '刘伟强 Andrew Lau / 麦兆辉 Alan Mak', '陈冠希 Edison Chen / ...', '剧情 犯罪 惊悚', '中国香港', 2003, 8.8, 575169, '', 'https://img1.doubanio.com/view/photo/s_ratio_poster/public/p958008320.jpg', 'https://movie.douban.com/subject/1307106/', '', '', '', 119, '', '', '', '', '', NULL, NULL, NULL, '{}', '[]', '2026-07-11 16:32:03');
INSERT INTO `movie` VALUES (175, '1417598', '电锯惊魂', '詹姆斯·温 James Wan', '雷·沃纳尔 Leigh Whannell / 加利·艾...', '悬疑 惊悚 恐怖', '美国', 2004, 8.7, 620228, '', 'https://img9.doubanio.com/view/photo/s_ratio_poster/public/p726839485.jpg', 'https://movie.douban.com/subject/1417598/', '', '', '', 103, '真相就在眼前。', '', '', '', '', NULL, NULL, NULL, '{}', '[]', '2026-07-11 16:32:03');
INSERT INTO `movie` VALUES (176, '1793929', '达拉斯买家俱乐部', '让-马克·瓦雷 Jean-Marc Vallée', '马修·麦康纳 Matthew McCon...', '剧情 传记 同性', '美国', 2013, 8.8, 511079, '', 'https://img3.doubanio.com/view/photo/s_ratio_poster/public/p2166160837.jpg', 'https://movie.douban.com/subject/1793929/', '', '', '', 117, 'Jared Leto的腿比女人还美！', '', '', '', '', NULL, NULL, NULL, '{}', '[]', '2026-07-11 16:32:03');
INSERT INTO `movie` VALUES (177, '1907966', '疯狂原始人', '科克·德·米科 Kirk De Micco / 克里斯·桑德斯 Chris Sanders 主演...', '', '喜剧 动画 冒险', '美国', 2013, 8.7, 928809, '', 'https://img3.doubanio.com/view/photo/s_ratio_poster/public/p1867084027.jpg', 'https://movie.douban.com/subject/1907966/', '', '', '', 98, '老少皆宜，这就是好莱坞动画的魅力。', '', '', '', '', NULL, NULL, NULL, '{}', '[]', '2026-07-11 16:32:03');
INSERT INTO `movie` VALUES (178, '1300374', '绿里奇迹', '弗兰克·德拉邦特 Frank Darabont', '汤姆·汉克斯 Tom Hanks / ...', '犯罪 剧情 奇幻 悬疑', '美国', 1999, 8.9, 393035, '', 'https://img2.doubanio.com/view/photo/s_ratio_poster/public/p767586451.jpg', 'https://movie.douban.com/subject/1300374/', '', '', '', 189, '', '', '', '', '', NULL, NULL, NULL, '{}', '[]', '2026-07-11 16:32:03');
INSERT INTO `movie` VALUES (179, '10808442', '爱在午夜降临前', '理查德·林克莱特 Richard Linklater', '伊桑·霍克 Ethan Hawke ...', '剧情 爱情', '美国 希腊', 2013, 8.8, 481277, '', 'https://img1.doubanio.com/view/photo/s_ratio_poster/public/p2074715729.jpg', 'https://movie.douban.com/subject/10808442/', '', '', '', 109, '所谓爱情，就是话唠一路，都不会心生腻烦，彼此嫌弃。', '', '', '', '', NULL, NULL, NULL, '{}', '[]', '2026-07-11 16:32:03');
INSERT INTO `movie` VALUES (180, '1862151', '疯狂的石头', '宁浩 Hao Ning', '郭涛 Tao Guo / 刘桦 Hua Liu / 连晋 Teddy Lin', '喜剧 犯罪', '中国大陆 中国香港', 2006, 8.6, 935061, '', 'https://img3.doubanio.com/view/photo/s_ratio_poster/public/p712241453.jpg', 'https://movie.douban.com/subject/1862151/', '', '', '', 106, '中国版《两杆大烟枪》。', '', '', '', '', NULL, NULL, NULL, '{}', '[]', '2026-07-11 16:32:03');
INSERT INTO `movie` VALUES (181, '1293460', '雨中曲', '斯坦利·多南 Stanley Donen / 吉恩·凯利 Gene Kelly', '吉恩·...', '喜剧 歌舞 爱情', '美国', 1952, 9.1, 272755, '', 'https://img9.doubanio.com/view/photo/s_ratio_poster/public/p1612355875.jpg', 'https://movie.douban.com/subject/1293460/', '', '', '', 103, '', '', '', '', '', NULL, NULL, NULL, '{}', '[]', '2026-07-11 16:32:03');
INSERT INTO `movie` VALUES (182, '1292226', '2001太空漫游', '斯坦利·库布里克 Stanley Kubrick', '凯尔·杜拉 Keir Dullea / ...', '科幻 惊悚 冒险', '英国 美国', 1968, 8.9, 402828, '', 'https://img1.doubanio.com/view/photo/s_ratio_poster/public/p2926647970.jpg', 'https://movie.douban.com/subject/1292226/', '', '', '', 149, '', '', '', '', '', NULL, NULL, NULL, '{}', '[]', '2026-07-11 16:32:03');
INSERT INTO `movie` VALUES (183, '25895901', '海街日记', '是枝裕和 Hirokazu Koreeda', '绫濑遥 Haruka Ayase / 长泽雅美 M...', '剧情 家庭', '日本', 2015, 8.8, 528701, '', 'https://img3.doubanio.com/view/photo/s_ratio_poster/public/p2242546753.jpg', 'https://movie.douban.com/subject/25895901/', '', '', '', 127, '是枝裕和的家庭习作。', '', '', '', '', NULL, NULL, NULL, '{}', '[]', '2026-07-11 16:32:03');
INSERT INTO `movie` VALUES (184, '1292208', '上帝之城', '费尔南多·梅里尔斯 Fernando Meirelles / 卡迪亚·兰德 Kátia Lund &nbsp...', '', '犯罪 剧情', '巴西 法国', 2002, 9.0, 336516, '', 'https://img1.doubanio.com/view/photo/s_ratio_poster/public/p455677490.jpg', 'https://movie.douban.com/subject/1292208/', '', '', '', 130, '', '', '', '', '', NULL, NULL, NULL, '{}', '[]', '2026-07-11 16:32:03');
INSERT INTO `movie` VALUES (185, '25917973', '心迷宫', '忻钰坤 Yukun Xin', '霍卫民 Weimin Huo / 王笑天 Xiaotian Wang ...', '剧情 犯罪 悬疑', '中国大陆', 2014, 8.7, 625624, '', 'https://img1.doubanio.com/view/photo/s_ratio_poster/public/p2926020289.jpg', 'https://movie.douban.com/subject/25917973/', '', '', '', 110, '荒诞讽刺，千奇百巧，抽丝剥茧，百转千回。', '', '', '', '', NULL, NULL, NULL, '{}', '[]', '2026-07-11 16:32:03');
INSERT INTO `movie` VALUES (186, '1291585', '风之谷', '宫崎骏 Hayao Miyazaki', '岛本须美 Sumi Shimamoto / 松田洋治 Y...', '动画 奇幻 冒险', '日本', 1984, 8.9, 396922, '', 'https://img3.doubanio.com/view/photo/s_ratio_poster/public/p1917567652.jpg', 'https://movie.douban.com/subject/1291585/', '', '', '', 117, '', '', '', '', '', NULL, NULL, NULL, '{}', '[]', '2026-07-11 16:32:03');
INSERT INTO `movie` VALUES (187, '1297574', '英雄本色', '吴宇森 John Woo', '周润发 Yun-Fat Chow / 狄龙 Lung Ti / 张国...', '剧情 动作 犯罪', '中国香港', 1986, 8.6, 612147, '', 'https://img3.doubanio.com/view/photo/s_ratio_poster/public/p2504997087.jpg', 'https://movie.douban.com/subject/1297574/', '', '', '', 95, '', '', '', '', '', NULL, NULL, NULL, '{}', '[]', '2026-07-11 16:32:03');
INSERT INTO `movie` VALUES (188, '1304447', '记忆碎片', '克里斯托弗·诺兰 Christopher Nolan', '盖·皮尔斯 Guy Pearce /...', '犯罪 剧情 悬疑 惊悚', '美国', 2000, 8.7, 712232, '', 'https://img3.doubanio.com/view/photo/s_ratio_poster/public/p2931989223.jpg', 'https://movie.douban.com/subject/1304447/', '', '', '', 114, '', '', '', '', '', NULL, NULL, NULL, '{}', '[]', '2026-07-11 16:32:03');
INSERT INTO `movie` VALUES (189, '1295409', '纵横四海', '吴宇森 John Woo', '周润发 Yun-Fat Chow / 张国荣 Leslie Cheung...', '剧情 喜剧 动作 犯罪', '中国香港', 1991, 8.8, 493281, '', 'https://img1.doubanio.com/view/photo/s_ratio_poster/public/p2931740648.jpg', 'https://movie.douban.com/subject/1295409/', '', '', '', 109, '', '', '', '', '', NULL, NULL, NULL, '{}', '[]', '2026-07-11 16:32:03');
INSERT INTO `movie` VALUES (190, '6534248', '无敌破坏王', '瑞奇·莫尔 Rich Moore', '约翰·C·赖利 John C. Reilly / 萨拉...', '喜剧 动画 奇幻 冒险', '美国', 2012, 8.7, 618005, '', 'https://img9.doubanio.com/view/photo/s_ratio_poster/public/p1735642656.jpg', 'https://movie.douban.com/subject/6534248/', '', '', '', 101, '迪士尼和皮克斯拿错剧本的产物。', '', '', '', '', NULL, NULL, NULL, '{}', '[]', '2026-07-11 16:32:03');
INSERT INTO `movie` VALUES (191, '3011051', '恐怖游轮', '克里斯托弗·史密斯 Christopher Smith', '梅利莎·乔治 Melissa ...', '科幻 悬疑 奇幻 惊悚', '英国 澳大利亚', 2009, 8.5, 1004522, '', 'https://img3.doubanio.com/view/photo/s_ratio_poster/public/p2933909877.jpg', 'https://movie.douban.com/subject/3011051/', '', '', '', 99, '不要企图在重复中寻找已经失去的爱。', '', '', '', '', NULL, NULL, NULL, '{}', '[]', '2026-07-11 16:32:03');
INSERT INTO `movie` VALUES (192, '1291822', '卢旺达饭店', '特瑞·乔治 Terry George', '唐·钱德尔 Don Cheadle / 苏菲·奥...', '剧情 传记 历史 战争', '英国 南非 意大利 美国', 2004, 8.9, 370697, '', 'https://img3.doubanio.com/view/photo/s_ratio_poster/public/p470419493.jpg', 'https://movie.douban.com/subject/1291822/', '', '', '', 121, '当这个世界闭上双眼，他却敞开了怀抱。', '', '', '', '', NULL, NULL, NULL, '{}', '[]', '2026-07-11 16:32:03');
INSERT INTO `movie` VALUES (193, '1297880', '芙蓉镇', '谢晋 Jin Xie', '刘晓庆 Xiaoqing Liu / 姜文 Wen Jiang / 郑在石...', '剧情 爱情', '中国大陆', 1987, 9.3, 194982, '', 'https://img1.doubanio.com/view/photo/s_ratio_poster/public/p2575337180.jpg', 'https://movie.douban.com/subject/1297880/', '', '', '', 164, '', '', '', '', '', NULL, NULL, NULL, '{}', '[]', '2026-07-11 16:32:03');
INSERT INTO `movie` VALUES (194, '1310177', '东京教父', '今敏 Satoshi Kon', '江守彻 Toru Emori / 梅垣义明 Yoshiaki Ume...', '剧情 喜剧 动画', '日本', 2003, 9.0, 295946, '', 'https://img1.doubanio.com/view/photo/s_ratio_poster/public/p456703618.jpg', 'https://movie.douban.com/subject/1310177/', '', '', '', 92, '', '', '', '', '', NULL, NULL, NULL, '{}', '[]', '2026-07-11 16:32:03');
INSERT INTO `movie` VALUES (195, '1292329', '牯岭街少年杀人事件', '杨德昌 Edward Yang', '张震 Chen Chang / 杨静怡 Lisa Yang / 张...', '剧情 犯罪', '中国台湾', 1991, 8.9, 376160, '', 'https://img9.doubanio.com/view/photo/s_ratio_poster/public/p848381236.jpg', 'https://movie.douban.com/subject/1292329/', '', '', '', 237, '', '', '', '', '', NULL, NULL, NULL, '{}', '[]', '2026-07-11 16:32:03');
INSERT INTO `movie` VALUES (196, '27622447', '小偷家族', '是枝裕和 Hirokazu Koreeda', '中川雅也 Lily Franky / 安藤樱 Sa...', '剧情 犯罪 家庭', '日本', 2018, 8.7, 902422, '', 'https://img9.doubanio.com/view/photo/s_ratio_poster/public/p2530599636.jpg', 'https://movie.douban.com/subject/27622447/', '', '', '', 117, '我们组成了家。', '', '', '', '', NULL, NULL, NULL, '{}', '[]', '2026-07-11 16:32:03');
INSERT INTO `movie` VALUES (197, '1307811', '魔女宅急便', '宫崎骏 Hayao Miyazaki', '高山南 Minami Takayama / 佐久间玲 Re...', '动画 奇幻 冒险', '日本', 1989, 8.7, 530665, '', 'https://img3.doubanio.com/view/photo/s_ratio_poster/public/p456676352.jpg', 'https://movie.douban.com/subject/1307811/', '', '', '', 103, '', '', '', '', '', NULL, NULL, NULL, '{}', '[]', '2026-07-11 16:32:03');
INSERT INTO `movie` VALUES (198, '1291578', '冰川时代', '卡洛斯·沙尔丹哈 Carlos Saldanha / 克里斯·韦奇 Chris Wedge 主演...', '', '喜剧 动画 冒险', '美国', 2002, 8.7, 691782, '', 'https://img1.doubanio.com/view/photo/s_ratio_poster/public/p1910895719.jpg', 'https://movie.douban.com/subject/1291578/', '', '', '', 81, '', '', '', '', '', NULL, NULL, NULL, '{}', '[]', '2026-07-11 16:32:03');
INSERT INTO `movie` VALUES (199, '1959195', '忠犬八公物语', '神山征二郎 Seijirô Kôyama', '仲代达矢 Tatsuya Nakadai /...', '剧情', '日本', 1987, 9.2, 221068, '', 'https://img9.doubanio.com/view/photo/s_ratio_poster/public/p2603716224.jpg', 'https://movie.douban.com/subject/1959195/', '', '', '', 107, '', '', '', '', '', NULL, NULL, NULL, '{}', '[]', '2026-07-11 16:32:03');
INSERT INTO `movie` VALUES (200, '3792799', '岁月神偷', '罗启锐 Alex Law', '吴君如 Sandra Ng / 任达华 Simon Yam / 钟绍...', '剧情 家庭', '中国香港 中国大陆', 2010, 8.7, 616145, '', 'https://img2.doubanio.com/view/photo/s_ratio_poster/public/p456666151.jpg', 'https://movie.douban.com/subject/3792799/', '', '', '', 117, '岁月流逝，来日可追。', '', '', '', '', NULL, NULL, NULL, '{}', '[]', '2026-07-11 16:32:03');
INSERT INTO `movie` VALUES (201, '1867345', '遗愿清单', '罗伯·莱纳 Rob Reiner', '杰克·尼科尔森 Jack Nicholson / 摩根...', '冒险 喜剧 剧情', '美国', 2007, 8.7, 546964, '', 'https://img3.doubanio.com/view/photo/s_ratio_poster/public/p2676812053.jpg', 'https://movie.douban.com/subject/1867345/', '', '', '', 97, '用剩余不多的时间，去燃烧整个生命。', '', '', '', '', NULL, NULL, NULL, '{}', '[]', '2026-07-11 16:32:03');
INSERT INTO `movie` VALUES (202, '27059130', '大佛普拉斯', '黄信尧 Hsin-yao Huang', '庄益增 Yizeng Zhuang / 陈竹昇 Chu-sh...', '剧情 喜剧', '中国台湾', 2017, 8.7, 562012, '', 'https://img3.doubanio.com/view/photo/s_ratio_poster/public/p2505928032.jpg', 'https://movie.douban.com/subject/27059130/', '', '', '', 102, '人们可以登上月球，却永远无法探索人们内心的宇宙。', '', '', '', '', NULL, NULL, NULL, '{}', '[]', '2026-07-11 16:32:03');
INSERT INTO `movie` VALUES (203, '24750126', '荒蛮故事', '达米安·斯兹弗隆 Damián Szifron', '达里奥·葛兰帝内提 Darío...', '剧情 喜剧 犯罪', '阿根廷 西班牙', 2014, 8.7, 524004, '', 'https://img3.doubanio.com/view/photo/s_ratio_poster/public/p2919686972.jpg', 'https://movie.douban.com/subject/24750126/', '', '', '', 122, '始于荒诞，止于更荒诞。', '', '', '', '', NULL, NULL, NULL, '{}', '[]', '2026-07-11 16:32:03');
INSERT INTO `movie` VALUES (204, '2133323', '白日梦想家', '本·斯蒂勒 Ben Stiller', '本·斯蒂勒 Ben Stiller / 克里斯汀·...', '剧情 喜剧 冒险', '美国 英国', 2013, 8.6, 662263, '', 'https://img3.doubanio.com/view/photo/s_ratio_poster/public/p2893896472.jpg', 'https://movie.douban.com/subject/2133323/', '', '', '', 114, '', '', '', '', '', NULL, NULL, NULL, '{}', '[]', '2026-07-11 16:32:03');
INSERT INTO `movie` VALUES (205, '3075287', '源代码', '邓肯·琼斯 Duncan Jones', '杰克·吉伦哈尔 Jake Gyllenhaal / ...', '科幻 悬疑 惊悚', '美国 加拿大', 2011, 8.6, 935652, '', 'https://img9.doubanio.com/view/photo/s_ratio_poster/public/p988260245.jpg', 'https://movie.douban.com/subject/3075287/', '', '', '', 93, '邓肯·琼斯继《月球》之后再度奉献出一部精彩绝伦的科幻佳作。', '', '', '', '', NULL, NULL, NULL, '{}', '[]', '2026-07-11 16:32:03');
INSERT INTO `movie` VALUES (206, '34874432', '花束般的恋爱', '土井裕泰 Nobuhiro Doi', '菅田将晖 Masaki Suda / 有村架纯 Kasu...', '剧情 爱情', '日本', 2021, 8.6, 843845, '', 'https://img3.doubanio.com/view/photo/s_ratio_poster/public/p2868462052.jpg', 'https://movie.douban.com/subject/34874432/', '', '', '', 124, '', '', '', '', '', NULL, NULL, NULL, '{}', '[]', '2026-07-11 16:32:03');
INSERT INTO `movie` VALUES (207, '25934014', '爱乐之城', '达米恩·查泽雷 Damien Chazelle', '瑞恩·高斯林 Ryan Gosling /...', '剧情 爱情 歌舞', '美国', 2016, 8.4, 1137263, '', 'https://img9.doubanio.com/view/photo/s_ratio_poster/public/p2929224846.jpg', 'https://movie.douban.com/subject/25934014/', '', '', '', 128, '', '', '', '', '', NULL, NULL, NULL, '{}', '[]', '2026-07-11 16:32:03');
INSERT INTO `movie` VALUES (208, '3592854', '疯狂的麦克斯4：狂暴之路', '乔治·米勒 George Miller', '汤姆·哈迪 Tom Hardy / 查理兹·塞...', '动作 科幻 冒险', '澳大利亚 美国', 2015, 8.7, 624915, '', 'https://img3.doubanio.com/view/photo/s_ratio_poster/public/p2236181653.jpg', 'https://movie.douban.com/subject/3592854/', '', '', '', 120, '“多么美好的一天！”轰轰轰砰咚，啪哒哒哒轰隆隆，磅~', '', '', '', '', NULL, NULL, NULL, '{}', '[]', '2026-07-11 16:32:03');
INSERT INTO `movie` VALUES (209, '1308857', '可可西里', '陆川 Chuan Lu', '多布杰 Duobujie / 张磊 Lei Zhang / 亓亮 Qi L...', '剧情 犯罪', '中国大陆 中国香港', 2004, 8.9, 350305, '', 'https://img9.doubanio.com/view/photo/s_ratio_poster/public/p2363208684.jpg', 'https://movie.douban.com/subject/1308857/', '', '', '', 85, '坚硬的信仰。', '', '', '', '', NULL, NULL, NULL, '{}', '[]', '2026-07-11 16:32:03');
INSERT INTO `movie` VALUES (210, '4848115', '你看起来好像很好吃', '藤森雅也 Masaya Fujimori', '山口胜平 Kappei Yamaguchi / 爱河...', '剧情 动画 儿童', '日本', 2010, 8.9, 379926, '', 'https://img3.doubanio.com/view/photo/s_ratio_poster/public/p709670262.jpg', 'https://movie.douban.com/subject/4848115/', '', '', '', 90, '感情不分食草或者食肉。', '', '', '', '', NULL, NULL, NULL, '{}', '[]', '2026-07-11 16:32:03');
INSERT INTO `movie` VALUES (211, '5300054', '波西米亚狂想曲', '布莱恩·辛格 Bryan Singer', '拉米·马雷克 Rami Malek / 本·哈...', '剧情 传记 同性 音乐', '英国 美国', 2018, 8.6, 698315, '', 'https://img3.doubanio.com/view/photo/s_ratio_poster/public/p2549558913.jpg', 'https://movie.douban.com/subject/5300054/', '', '', '', 135, '', '', '', '', '', NULL, NULL, NULL, '{}', '[]', '2026-07-11 16:32:03');
INSERT INTO `movie` VALUES (212, '2209573', '贫民窟的百万富翁', '丹尼·鲍尔 Danny Boyle / 洛芙琳·坦丹 Loveleen Tandan', '戴夫...', '剧情 爱情', '英国', 2008, 8.6, 812064, '', 'https://img1.doubanio.com/view/photo/s_ratio_poster/public/p2434249040.jpg', 'https://movie.douban.com/subject/2209573/', '', '', '', 120, '上帝之城+猜火车+阿甘正传+开心辞典=山寨富翁', '', '', '', '', NULL, NULL, NULL, '{}', '[]', '2026-07-11 16:32:03');
INSERT INTO `movie` VALUES (213, '1293908', '城市之光', '查理·卓别林 Charles Chaplin', '查理·卓别林 Charles Chaplin ...', '喜剧 剧情 爱情', '美国', 1931, 9.3, 175501, '', 'https://img1.doubanio.com/view/photo/s_ratio_poster/public/p2170238828.jpg', 'https://movie.douban.com/subject/1293908/', '', '', '', 87, '', '', '', '', '', NULL, NULL, NULL, '{}', '[]', '2026-07-11 16:32:03');
INSERT INTO `movie` VALUES (214, '25773932', '爆裂鼓手', '达米恩·查泽雷 Damien Chazelle', '迈尔斯·特勒 Miles Teller /...', '剧情 音乐', '美国', 2014, 8.6, 699459, '', 'https://img1.doubanio.com/view/photo/s_ratio_poster/public/p2915975989.jpg', 'https://movie.douban.com/subject/25773932/', '', '', '', 107, '这个世界从不善待努力的人，努力了也不一定会成功，但是知道自己在努力，就是活下去的动力。', '', '', '', '', NULL, NULL, NULL, '{}', '[]', '2026-07-11 16:32:03');
INSERT INTO `movie` VALUES (215, '1293323', '大红灯笼高高挂', '张艺谋 Yimou Zhang', '巩俐 Li Gong / 马精武 Jingwu Ma / 何赛...', '剧情', '中国大陆 中国香港 中国台湾', 1991, 8.8, 381075, '', 'https://img3.doubanio.com/view/photo/s_ratio_poster/public/p1254404823.jpg', 'https://movie.douban.com/subject/1293323/', '', '', '', 125, '', '', '', '', '', NULL, NULL, NULL, '{}', '[]', '2026-07-11 16:32:03');
INSERT INTO `movie` VALUES (216, '2051007', '哈利·波特与死亡圣器(上)', '大卫·叶茨 David Yates', '丹尼尔·雷德克里夫 Daniel Radcliffe...', '奇幻 冒险', '英国 美国', 2010, 8.6, 705137, '', 'https://img9.doubanio.com/view/photo/s_ratio_poster/public/p2913456984.jpg', 'https://movie.douban.com/subject/2051007/', '', '', '', 146, '最忠于原著的一部。', '', '', '', '', NULL, NULL, NULL, '{}', '[]', '2026-07-11 16:32:03');
INSERT INTO `movie` VALUES (217, '1438652', '无耻混蛋', '昆汀·塔伦蒂诺 Quentin Tarantino', '布拉德·皮特 Brad Pitt / ...', '剧情 犯罪', '德国 美国', 2009, 8.7, 570606, '', 'https://img1.doubanio.com/view/photo/s_ratio_poster/public/p2575043939.jpg', 'https://movie.douban.com/subject/1438652/', '', '', '', 153, '昆汀同学越来越变态了，比北野武还杜琪峰。', '', '', '', '', NULL, NULL, NULL, '{}', '[]', '2026-07-11 16:32:03');
INSERT INTO `movie` VALUES (218, '1303394', '青蛇', '徐克 Hark Tsui', '张曼玉 Maggie Cheung / 王祖贤 Joey Wang / ...', '剧情 爱情 奇幻 古装', '中国香港 中国大陆', 1993, 8.6, 606705, '', 'https://img1.doubanio.com/view/photo/s_ratio_poster/public/p2923862788.jpg', 'https://movie.douban.com/subject/1303394/', '', '', '', 99, '', '', '', '', '', NULL, NULL, NULL, '{}', '[]', '2026-07-11 16:32:03');
INSERT INTO `movie` VALUES (219, '1291844', '终结者2：审判日', '詹姆斯·卡梅隆 James Cameron', '阿诺·施瓦辛格 Arnold Schwarz...', '动作 科幻', '美国 法国', 1991, 8.8, 391047, '', 'https://img9.doubanio.com/view/photo/s_ratio_poster/public/p1910909085.jpg', 'https://movie.douban.com/subject/1291844/', '', '', '', 137, '', '', '', '', '', NULL, NULL, NULL, '{}', '[]', '2026-07-11 16:32:03');
INSERT INTO `movie` VALUES (220, '1292328', '东邪西毒', '王家卫 Kar Wai Wong', '张国荣 Leslie Cheung / 林青霞 Brigitte...', '剧情 动作 爱情 武侠 古装', '中国香港 中国台湾', 1994, 8.6, 640540, '', 'https://img3.doubanio.com/view/photo/s_ratio_poster/public/p1982176012.jpg', 'https://movie.douban.com/subject/1292328/', '', '', '', 98, '', '', '', '', '', NULL, NULL, NULL, '{}', '[]', '2026-07-11 16:32:03');
INSERT INTO `movie` VALUES (221, '1978709', '黑天鹅', '达伦·阿罗诺夫斯基 Darren Aronofsky', '娜塔莉·波特曼 Natalie...', '剧情 惊悚', '美国', 2010, 8.6, 853551, '', 'https://img9.doubanio.com/view/photo/s_ratio_poster/public/p2549648344.jpg', 'https://movie.douban.com/subject/1978709/', '', '', '', 108, '黑暗之美。', '', '', '', '', NULL, NULL, NULL, '{}', '[]', '2026-07-11 16:32:03');
INSERT INTO `movie` VALUES (222, '1292287', '新龙门客栈', '李惠民 Raymond Lee', '张曼玉 Maggie Cheung / 林青霞 Brigitte ...', '动作 爱情 武侠 古装', '中国香港 中国大陆', 1992, 8.7, 516274, '', 'https://img1.doubanio.com/view/photo/s_ratio_poster/public/p1421018669.jpg', 'https://movie.douban.com/subject/1292287/', '', '', '', 103, '', '', '', '', '', NULL, NULL, NULL, '{}', '[]', '2026-07-11 16:32:03');
INSERT INTO `movie` VALUES (223, '4739952', '初恋这件小事', '普特鹏·普罗萨卡·那·萨克那卡林 Puttipong Promsaka Na Sakolnakorn / 华森·波克彭...', '', '剧情 喜剧 爱情', '泰国', 2010, 8.5, 1058652, '', 'https://img3.doubanio.com/view/photo/s_ratio_poster/public/p1505312273.jpg', 'https://movie.douban.com/subject/4739952/', '', '', '', 118, '黑小鸭速效美白记。', '', '', '', '', NULL, NULL, NULL, '{}', '[]', '2026-07-11 16:32:03');
INSERT INTO `movie` VALUES (224, '1300117', '千钧一发', '安德鲁·尼科尔 Andrew Niccol', '伊桑·霍克 Ethan Hawke / 乌玛...', '剧情 科幻 惊悚', '美国', 1997, 8.8, 356882, '', 'https://img3.doubanio.com/view/photo/s_ratio_poster/public/p792423963.jpg', 'https://movie.douban.com/subject/1300117/', '', '', '', 106, '', '', '', '', '', NULL, NULL, NULL, '{}', '[]', '2026-07-11 16:32:03');
INSERT INTO `movie` VALUES (225, '1302827', '人工智能', '史蒂文·斯皮尔伯格 Steven Spielberg', '海利·乔·奥斯蒙 Haley...', '剧情 科幻', '美国', 2001, 8.7, 509702, '', 'https://img3.doubanio.com/view/photo/s_ratio_poster/public/p792257137.jpg', 'https://movie.douban.com/subject/1302827/', '', '', '', 146, '', '', '', '', '', NULL, NULL, NULL, '{}', '[]', '2026-07-11 16:32:03');
INSERT INTO `movie` VALUES (226, '1959877', '崖上的波妞', '宫崎骏 Hayao Miyazaki', '奈良柚莉爱 Yuria Nara / 土井洋辉 Hir...', '动画 奇幻 冒险', '日本', 2008, 8.6, 582280, '', 'https://img1.doubanio.com/view/photo/s_ratio_poster/public/p2627847859.jpg', 'https://movie.douban.com/subject/1959877/', '', '', '', 101, '', '', '', '', '', NULL, NULL, NULL, '{}', '[]', '2026-07-11 16:32:03');
INSERT INTO `movie` VALUES (227, '1296909', '虎口脱险', '杰拉尔·乌里 Gérard Oury', '路易·德·菲耐斯 Louis de Funès...', '喜剧 战争', '法国 英国', 1966, 8.9, 299962, '', 'https://img3.doubanio.com/view/photo/s_ratio_poster/public/p2399597512.jpg', 'https://movie.douban.com/subject/1296909/', '', '', '', 119, '', '', '', '', '', NULL, NULL, NULL, '{}', '[]', '2026-07-11 16:32:03');
INSERT INTO `movie` VALUES (228, '1291870', '雨人', '巴瑞·莱文森 Barry Levinson', '达斯汀·霍夫曼 Dustin Hoffman ...', '剧情', '美国', 1988, 8.7, 446744, '', 'https://img3.doubanio.com/view/photo/s_ratio_poster/public/p2353324612.jpg', 'https://movie.douban.com/subject/1291870/', '', '', '', 133, '', '', '', '', '', NULL, NULL, NULL, '{}', '[]', '2026-07-11 16:32:03');
INSERT INTO `movie` VALUES (229, '25807345', '彗星来的那一夜', '詹姆斯·沃德·布柯特 James Ward Byrkit', '艾米丽·芭尔多尼 Em...', '科幻 悬疑 惊悚', '美国 英国', 2013, 8.6, 695715, '', 'https://img9.doubanio.com/view/photo/s_ratio_poster/public/p2187896734.jpg', 'https://movie.douban.com/subject/25807345/', '', '', '', 89, '小成本大魅力。', '', '', '', '', NULL, NULL, NULL, '{}', '[]', '2026-07-11 16:32:03');
INSERT INTO `movie` VALUES (230, '1457217', '哈利·波特与凤凰社', '大卫·叶茨 David Yates', '丹尼尔·雷德克里夫 Daniel Radcliffe...', '奇幻 冒险', '英国 美国', 2007, 8.6, 705263, '', 'https://img9.doubanio.com/view/photo/s_ratio_poster/public/p2913456924.jpg', 'https://movie.douban.com/subject/1457217/', '', '', '', 138, '', '', '', '', '', NULL, NULL, NULL, '{}', '[]', '2026-07-11 16:32:03');
INSERT INTO `movie` VALUES (231, '1291879', '罗生门', '黑泽明 Akira Kurosawa', '三船敏郎 Toshirô Mifune / 京町子 ...', '剧情 犯罪 悬疑', '日本', 1950, 8.8, 362600, '', 'https://img2.doubanio.com/view/photo/s_ratio_poster/public/p1598883511.jpg', 'https://movie.douban.com/subject/1291879/', '', '', '', 88, '', '', '', '', '', NULL, NULL, NULL, '{}', '[]', '2026-07-11 16:32:03');
INSERT INTO `movie` VALUES (232, '25980443', '海边的曼彻斯特', '肯尼斯·罗纳根 Kenneth Lonergan', '卡西·阿弗莱克 Casey Affle...', '剧情 家庭', '美国', 2016, 8.6, 662971, '', 'https://img9.doubanio.com/view/photo/s_ratio_poster/public/p2421855655.jpg', 'https://movie.douban.com/subject/25980443/', '', '', '', 137, '我们都有权利不与自己的过去和解。', '', '', '', '', NULL, NULL, NULL, '{}', '[]', '2026-07-11 16:32:03');
INSERT INTO `movie` VALUES (233, '25864085', '火星救援', '雷德利·斯科特 Ridley Scott', '马特·达蒙 Matt Damon / 杰西卡...', '剧情 科幻 冒险', '英国 美国 匈牙利 约旦', 2015, 8.5, 848870, '', 'https://img3.doubanio.com/view/photo/s_ratio_poster/public/p2264592493.jpg', 'https://movie.douban.com/subject/25864085/', '', '', '', 142, '', '', '', '', '', NULL, NULL, NULL, '{}', '[]', '2026-07-11 16:32:03');
INSERT INTO `movie` VALUES (234, '1309163', '恋恋笔记本', '尼克·卡索维茨 Nick Cassavetes', '瑞恩·高斯林 Ryan Gosling /...', '剧情 爱情', '美国', 2004, 8.5, 757411, '', 'https://img9.doubanio.com/view/photo/s_ratio_poster/public/p483604864.jpg', 'https://movie.douban.com/subject/1309163/', '', '', '', 123, '爱情没有那么多借口，如果不能圆满，只能说明爱的不够。', '', '', '', '', NULL, NULL, NULL, '{}', '[]', '2026-07-11 16:32:03');
INSERT INTO `movie` VALUES (235, '1292401', '真爱至上', '理查德·柯蒂斯 Richard Curtis', '休·格兰特 Hugh Grant / 连姆...', '喜剧 剧情 爱情', '英国 美国 法国', 2003, 8.5, 813663, '', 'https://img1.doubanio.com/view/photo/s_ratio_poster/public/p475600770.jpg', 'https://movie.douban.com/subject/1292401/', '', '', '', 135, '', '', '', '', '', NULL, NULL, NULL, '{}', '[]', '2026-07-11 16:32:03');
INSERT INTO `movie` VALUES (236, '1304141', '黑客帝国2：重装上阵', '拉娜·沃卓斯基 Lana Wachowski / 莉莉·沃卓斯基 Lilly Wachowski ...', '', '动作 科幻', '美国', 2003, 8.7, 460801, '', 'https://img1.doubanio.com/view/photo/s_ratio_poster/public/p443461390.jpg', 'https://movie.douban.com/subject/1304141/', '', '', '', 138, '', '', '', '', '', NULL, NULL, NULL, '{}', '[]', '2026-07-11 16:32:03');
INSERT INTO `movie` VALUES (237, '4202982', '冰雪奇缘', '克里斯·巴克 Chris Buck / 珍妮弗·李 Jennifer Lee', '克里斯汀...', '喜剧 动画 奇幻 歌舞', '美国', 2013, 8.5, 844342, '', 'https://img3.doubanio.com/view/photo/s_ratio_poster/public/p2151245053.jpg', 'https://movie.douban.com/subject/4202982/', '', '', '', 102, '', '', '', '', '', NULL, NULL, NULL, '{}', '[]', '2026-07-11 16:32:03');
INSERT INTO `movie` VALUES (238, '2222996', '步履不停', '是枝裕和 Hirokazu Koreeda', '阿部宽 Hiroshi Abe / 夏川结衣 Yu...', '剧情 家庭', '日本', 2008, 8.8, 333097, '', 'https://img1.doubanio.com/view/photo/s_ratio_poster/public/p2375245718.jpg', 'https://movie.douban.com/subject/2222996/', '', '', '', 115, '日本的家庭电影已经是世界巅峰了，步履不停是巅峰中的佳作。', '', '', '', '', NULL, NULL, NULL, '{}', '[]', '2026-07-11 16:32:03');
INSERT INTO `movie` VALUES (239, '1307394', '千年女优', '今敏 Satoshi Kon', '庄司美代子 Miyoko Shôji / 小山茉美 Mam...', '动画 剧情 爱情', '日本', 2001, 8.8, 322307, '', 'https://img9.doubanio.com/view/photo/s_ratio_poster/public/p2215102596.jpg', 'https://movie.douban.com/subject/1307394/', '', '', '', 87, '', '', '', '', '', NULL, NULL, NULL, '{}', '[]', '2026-07-11 16:32:03');
INSERT INTO `movie` VALUES (240, '26787574', '奇迹男孩', '斯蒂芬·卓博斯基 Stephen Chbosky', '雅各布·特伦布莱 Jacob Tr...', '剧情 儿童 家庭', '美国 中国香港', 2017, 8.6, 605307, '', 'https://img1.doubanio.com/view/photo/s_ratio_poster/public/p2507709428.jpg', 'https://movie.douban.com/subject/26787574/', '', '', '', 113, '世界不完美，爱会有奇迹。', '', '', '', '', NULL, NULL, NULL, '{}', '[]', '2026-07-11 16:32:03');
INSERT INTO `movie` VALUES (241, '26374197', '蜘蛛侠：平行宇宙', '鲍勃·佩尔西凯蒂 Bob Persichetti / 彼得·拉姆齐 Peter Ramsey 主...', '', '动作 科幻 动画 冒险', '美国', 2018, 8.6, 765262, '', 'https://img1.doubanio.com/view/photo/s_ratio_poster/public/p2535851348.jpg', 'https://movie.douban.com/subject/26374197/', '', '', '', 116, '', '', '', '', '', NULL, NULL, NULL, '{}', '[]', '2026-07-11 16:32:03');
INSERT INTO `movie` VALUES (242, '1308767', '谍影重重2', '保罗·格林格拉斯 Paul Greengrass', '马特·达蒙 Matt Damon / ...', '动作 悬疑 惊悚', '美国 德国', 2004, 8.7, 404782, '', 'https://img9.doubanio.com/view/photo/s_ratio_poster/public/p667644866.jpg', 'https://movie.douban.com/subject/1308767/', '', '', '', 108, '谁说王家卫镜头很晃？', '', '', '', '', NULL, NULL, NULL, '{}', '[]', '2026-07-11 16:32:03');
INSERT INTO `movie` VALUES (243, '1419936', '战争之王', '安德鲁·尼科尔 Andrew Niccol', '尼古拉斯·凯奇 Nicolas Cage /...', '剧情 犯罪', '美国 德国', 2005, 8.7, 419951, '', 'https://img2.doubanio.com/view/photo/s_ratio_poster/public/p792282381.jpg', 'https://movie.douban.com/subject/1419936/', '', '', '', 122, '做一颗让别人需要你的棋子。', '', '', '', '', NULL, NULL, NULL, '{}', '[]', '2026-07-11 16:32:03');
INSERT INTO `movie` VALUES (244, '1291936', '攻壳机动队', '押井守 Mamoru Oshii', '田中敦子 Atsuko Tanaka / 大冢明夫 Akio...', '动作 科幻 动画', '日本', 1995, 9.0, 222699, '', 'https://img3.doubanio.com/view/photo/s_ratio_poster/public/p2921045013.jpg', 'https://movie.douban.com/subject/1291936/', '', '', '', 83, '', '', '', '', '', NULL, NULL, NULL, '{}', '[]', '2026-07-11 16:32:03');
INSERT INTO `movie` VALUES (245, '1428175', '血钻', '爱德华·兹威克 Edward Zwick', '莱昂纳多·迪卡普里奥 Leonardo ...', '剧情 惊悚 冒险', '美国 德国 英国', 2006, 8.7, 425836, '', 'https://img3.doubanio.com/view/photo/s_ratio_poster/public/p1244017073.jpg', 'https://movie.douban.com/subject/1428175/', '', '', '', 143, '每个美丽事物背后都是滴血的现实。', '', '', '', '', NULL, NULL, NULL, '{}', '[]', '2026-07-11 16:32:03');
INSERT INTO `movie` VALUES (246, '25977027', '小姐', '朴赞郁 Chan-wook Park', '金敏喜 Min-hee Kim / 金泰梨 Tae-ri K...', '剧情 悬疑 情色 同性', '韩国', 2016, 8.5, 587393, '', 'https://img9.doubanio.com/view/photo/s_ratio_poster/public/p2355555424.jpg', 'https://movie.douban.com/subject/25977027/', '', '', '', 145, '', '', '', '', '', NULL, NULL, NULL, '{}', '[]', '2026-07-11 16:32:03');
INSERT INTO `movie` VALUES (247, '27113517', '血观音', '杨雅喆 Ya-che Yang', '惠英红 Kara Wai Ying Hung / 吴可熙 Wu K...', '剧情 悬疑', '中国台湾', 2017, 8.6, 576203, '', 'https://img9.doubanio.com/view/photo/s_ratio_poster/public/p2505008756.jpg', 'https://movie.douban.com/subject/27113517/', '', '', '', 112, '', '', '', '', '', NULL, NULL, NULL, '{}', '[]', '2026-07-11 16:32:03');
INSERT INTO `movie` VALUES (248, '26615208', '隐藏人物', '特奥多尔·梅尔菲 Theodore Melfi', '塔拉吉·P·汉森 Taraji P. ...', '剧情 传记 历史', '美国', 2016, 8.9, 277776, '', 'https://img1.doubanio.com/view/photo/s_ratio_poster/public/p2374067318.jpg', 'https://movie.douban.com/subject/26615208/', '', '', '', 127, '', '', '', '', '', NULL, NULL, NULL, '{}', '[]', '2026-07-11 16:32:03');
INSERT INTO `movie` VALUES (249, '1293964', '魂断蓝桥', '茂文·勒鲁瓦 Mervyn LeRoy', '费雯·丽 Vivien Leigh / 罗伯特·...', '剧情 爱情 战争', '美国', 1940, 8.8, 313802, '', 'https://img1.doubanio.com/view/photo/s_ratio_poster/public/p2351134499.jpg', 'https://movie.douban.com/subject/1293964/', '', '', '', 108, '', '', '', '', '', NULL, NULL, NULL, '{}', '[]', '2026-07-11 16:32:03');
INSERT INTO `movie` VALUES (250, '25724855', '房间', '伦尼·阿伯拉罕森 Lenny Abrahamson', '布丽·拉尔森 Brie Larson...', '剧情 家庭', '爱尔兰 加拿大 英国 美国', 2015, 8.7, 403086, '', 'https://img9.doubanio.com/view/photo/s_ratio_poster/public/p2259715855.jpg', 'https://movie.douban.com/subject/25724855/', '', '', '', 118, '被偷走的岁月，被伤害的生命，被禁锢的灵魂，终将被希望和善意救赎。', '', '', '', '', NULL, NULL, NULL, '{}', '[]', '2026-07-11 16:32:03');

SET FOREIGN_KEY_CHECKS = 1;
